-- MySQL dump 10.13  Distrib 5.6.35, for Win64 (x86_64)
--
-- Host: localhost    Database: store_v1_1_1
-- ------------------------------------------------------
-- Server version	5.6.35-log

/*!40101 SET @OLD_CHARACTER_SET_CLIENT=@@CHARACTER_SET_CLIENT */;
/*!40101 SET @OLD_CHARACTER_SET_RESULTS=@@CHARACTER_SET_RESULTS */;
/*!40101 SET @OLD_COLLATION_CONNECTION=@@COLLATION_CONNECTION */;
/*!40101 SET NAMES utf8 */;
/*!40103 SET @OLD_TIME_ZONE=@@TIME_ZONE */;
/*!40103 SET TIME_ZONE='+00:00' */;
/*!40014 SET @OLD_UNIQUE_CHECKS=@@UNIQUE_CHECKS, UNIQUE_CHECKS=0 */;
/*!40014 SET @OLD_FOREIGN_KEY_CHECKS=@@FOREIGN_KEY_CHECKS, FOREIGN_KEY_CHECKS=0 */;
/*!40101 SET @OLD_SQL_MODE=@@SQL_MODE, SQL_MODE='NO_AUTO_VALUE_ON_ZERO' */;
/*!40111 SET @OLD_SQL_NOTES=@@SQL_NOTES, SQL_NOTES=0 */;

--
-- Table structure for table `app_update`
--

DROP TABLE IF EXISTS `app_update`;
/*!40101 SET @saved_cs_client     = @@character_set_client */;
/*!40101 SET character_set_client = utf8 */;
CREATE TABLE `app_update` (
  `app_update_id` int(11) NOT NULL AUTO_INCREMENT,
  `app_version` varchar(25) NOT NULL DEFAULT '',
  `app_update_url` text,
  `app_update_content` text,
  PRIMARY KEY (`app_update_id`)
) ENGINE=InnoDB DEFAULT CHARSET=utf8;
/*!40101 SET character_set_client = @saved_cs_client */;

--
-- Dumping data for table `app_update`
--

LOCK TABLES `app_update` WRITE;
/*!40000 ALTER TABLE `app_update` DISABLE KEYS */;
/*!40000 ALTER TABLE `app_update` ENABLE KEYS */;
UNLOCK TABLES;

--
-- Table structure for table `area_freight`
--

DROP TABLE IF EXISTS `area_freight`;
/*!40101 SET @saved_cs_client     = @@character_set_client */;
/*!40101 SET character_set_client = utf8 */;
CREATE TABLE `area_freight` (
  `area_freight_id` varchar(35) NOT NULL,
  `template_freight_id` varchar(35) NOT NULL,
  `area_first_num` int(11) NOT NULL DEFAULT '0',
  `area_first_price` float NOT NULL DEFAULT '0',
  `area_continue_num` int(11) NOT NULL DEFAULT '0',
  `area_continue_price` float NOT NULL DEFAULT '0',
  PRIMARY KEY (`area_freight_id`),
  KEY `FK_area_price_RE` (`template_freight_id`),
  CONSTRAINT `FK_area_price_RE` FOREIGN KEY (`template_freight_id`) REFERENCES `template_of_freight` (`template_freight_id`)
) ENGINE=InnoDB DEFAULT CHARSET=utf8;
/*!40101 SET character_set_client = @saved_cs_client */;

--
-- Dumping data for table `area_freight`
--

LOCK TABLES `area_freight` WRITE;
/*!40000 ALTER TABLE `area_freight` DISABLE KEYS */;
/*!40000 ALTER TABLE `area_freight` ENABLE KEYS */;
UNLOCK TABLES;

--
-- Table structure for table `area_id`
--

DROP TABLE IF EXISTS `area_id`;
/*!40101 SET @saved_cs_client     = @@character_set_client */;
/*!40101 SET character_set_client = utf8 */;
CREATE TABLE `area_id` (
  `area_freight_id` varchar(35) NOT NULL,
  `area_id` varchar(20) NOT NULL DEFAULT '',
  KEY `FK_price_area_RE` (`area_freight_id`),
  CONSTRAINT `FK_price_area_RE` FOREIGN KEY (`area_freight_id`) REFERENCES `area_freight` (`area_freight_id`)
) ENGINE=InnoDB DEFAULT CHARSET=utf8;
/*!40101 SET character_set_client = @saved_cs_client */;

--
-- Dumping data for table `area_id`
--

LOCK TABLES `area_id` WRITE;
/*!40000 ALTER TABLE `area_id` DISABLE KEYS */;
/*!40000 ALTER TABLE `area_id` ENABLE KEYS */;
UNLOCK TABLES;

--
-- Table structure for table `chat_history`
--

DROP TABLE IF EXISTS `chat_history`;
/*!40101 SET @saved_cs_client     = @@character_set_client */;
/*!40101 SET character_set_client = utf8 */;
CREATE TABLE `chat_history` (
  `history_id` varchar(35) NOT NULL,
  `send_user_id` varchar(35) NOT NULL DEFAULT '',
  `receive_user_id` varchar(35) NOT NULL DEFAULT '',
  `data_type` int(11) NOT NULL DEFAULT '0',
  `send_data` text,
  `send_time` varchar(15) NOT NULL DEFAULT '',
  `is_read` tinyint(4) NOT NULL DEFAULT '0',
  `is_received` tinyint(4) NOT NULL DEFAULT '0',
  PRIMARY KEY (`history_id`)
) ENGINE=InnoDB DEFAULT CHARSET=utf8;
/*!40101 SET character_set_client = @saved_cs_client */;

--
-- Dumping data for table `chat_history`
--

LOCK TABLES `chat_history` WRITE;
/*!40000 ALTER TABLE `chat_history` DISABLE KEYS */;
INSERT INTO `chat_history` VALUES ('06c74fc198056f70','89d9317fb3834353bcf2a507bee2eb82','89d9317fb3834353bcf2a507bee2eb83',256,'等等','1501573401006',0,0),('27a74873b8181c2d','89d9317fb3834353bcf2a507bee2eb82','89d9317fb3834353bcf2a507bee2eb83',256,'等等','1501573332101',0,0),('2f934f55813b1577','89d9317fb3834353bcf2a507bee2eb82','89d9317fb3834353bcf2a507bee2eb83',256,'等等','1501573245574',0,0),('34164dfbbb277efa','89d9317fb3834353bcf2a507bee2eb82','89d9317fb3834353bcf2a507bee2eb83',256,'等等','1501573251721',0,0),('341d409ba3568d8f','89d9317fb3834353bcf2a507bee2eb82','89d9317fb3834353bcf2a507bee2eb83',256,'等等','1501573415280',0,0),('66a34b0c83b2f4a5','89d9317fb3834353bcf2a507bee2eb82','89d9317fb3834353bcf2a507bee2eb83',256,'等等','1501573405624',0,0),('70a74ca1bf13370a','89d9317fb3834353bcf2a507bee2eb82','89d9317fb3834353bcf2a507bee2eb83',256,'等等','1501573304957',0,0),('758713076cafdd39','89d9317fb3834353bcf2a507bee2eb82','89d9317fb3834353bcf2a507bee2eb83',256,'等等','1501573128593',0,0),('9db4416285d7972f','89d9317fb3834353bcf2a507bee2eb83','89d9317fb3834353bcf2a507bee2eb82',1538,'','1501572709329',0,1),('b60c488daf982c8c','89d9317fb3834353bcf2a507bee2eb82','89d9317fb3834353bcf2a507bee2eb83',256,'等等','1501573234076',0,0),('c08534bd49e6d845','89d9317fb3834353bcf2a507bee2eb82','89d9317fb3834353bcf2a507bee2eb83',256,'等等','1501573057407',0,0),('c55147b1be901182','89d9317fb3834353bcf2a507bee2eb82','89d9317fb3834353bcf2a507bee2eb83',256,'等等','1501573396358',0,0),('dbda44d9b198bc14','89d9317fb3834353bcf2a507bee2eb82','89d9317fb3834353bcf2a507bee2eb83',256,'等等','1501576460878',0,1),('f55442958b53308c','89d9317fb3834353bcf2a507bee2eb82','89d9317fb3834353bcf2a507bee2eb83',256,'等等','1501573314738',0,0),('fb0348419abdda8c','89d9317fb3834353bcf2a507bee2eb83','89d9317fb3834353bcf2a507bee2eb82',1538,'','1501576773313',0,1),('ffd044e89edc7eda','89d9317fb3834353bcf2a507bee2eb82','89d9317fb3834353bcf2a507bee2eb83',256,'等等','1501573311072',0,0);
/*!40000 ALTER TABLE `chat_history` ENABLE KEYS */;
UNLOCK TABLES;

--
-- Table structure for table `china`
--

DROP TABLE IF EXISTS `china`;
/*!40101 SET @saved_cs_client     = @@character_set_client */;
/*!40101 SET character_set_client = utf8 */;
CREATE TABLE `china` (
  `id` varchar(10) NOT NULL,
  `name` varchar(20) NOT NULL DEFAULT '',
  `pid` varchar(10) NOT NULL DEFAULT ''
) ENGINE=InnoDB DEFAULT CHARSET=utf8;
/*!40101 SET character_set_client = @saved_cs_client */;

--
-- Dumping data for table `china`
--

LOCK TABLES `china` WRITE;
/*!40000 ALTER TABLE `china` DISABLE KEYS */;
INSERT INTO `china` VALUES ('110000','北京市','0'),('110100','东城区','110000'),('110200','西城区','110000'),('110500','朝阳区','110000'),('110600','丰台区','110000'),('110700','石景山区','110000'),('110800','海淀区','110000'),('110900','门头沟区','110000'),('111100','房山区','110000'),('111200','通州区','110000'),('111300','顺义区','110000'),('111400','昌平区','110000'),('111500','大兴区','110000'),('111600','怀柔区','110000'),('111700','平谷区','110000'),('112800','密云县','110000'),('112900','延庆县','110000'),('120000','天津市','0'),('120100','和平区','120000'),('120200','河东区','120000'),('120300','河西区','120000'),('120400','南开区','120000'),('120500','河北区','120000'),('120600','红桥区','120000'),('120900','滨海新区','120000'),('121000','东丽区','120000'),('121100','西青区','120000'),('121200','津南区','120000'),('121300','北辰区','120000'),('121400','武清区','120000'),('121500','宝坻区','120000'),('122100','宁河县','120000'),('122300','静海县','120000'),('122500','蓟县','120000'),('130000','河北省','0'),('130100','石家庄市','130000'),('130101','市辖区','130100'),('130102','长安区','130101'),('130103','桥东区','130101'),('130104','桥西区','130101'),('130105','新华区','130101'),('130107','井陉矿区','130101'),('130108','裕华区','130101'),('130121','井陉县','130100'),('130123','正定县','130100'),('130124','栾城县','130100'),('130125','行唐县','130100'),('130126','灵寿县','130100'),('130127','高邑县','130100'),('130128','深泽县','130100'),('130129','赞皇县','130100'),('130130','无极县','130100'),('130131','平山县','130100'),('130132','元氏县','130100'),('130133','赵县','130100'),('130181','辛集市','130100'),('130182','藁城市','130100'),('130183','晋州市','130100'),('130184','新乐市','130100'),('130185','鹿泉市','130100'),('130200','唐山市','130000'),('130201','市辖区','130200'),('130202','路南区','130201'),('130203','路北区','130201'),('130204','古冶区','130201'),('130205','开平区','130201'),('130207','丰南区','130201'),('130208','丰润区','130201'),('130223','滦县','130200'),('130224','滦南县','130200'),('130225','乐亭县','130200'),('130227','迁西县','130200'),('130229','玉田县','130200'),('130230','唐海县','130200'),('130281','遵化市','130200'),('130283','迁安市','130200'),('130300','秦皇岛市','130000'),('130301','海港区','130300'),('130303','山海关区','130300'),('130304','北戴河区','130300'),('130321','青龙满族自治县','130300'),('130322','昌黎县','130300'),('130323','抚宁县','130300'),('130324','卢龙县','130300'),('130400','邯郸市','130000'),('130401','市辖区','130400'),('130402','邯山区','130401'),('130403','丛台区','130401'),('130404','复兴区','130401'),('130406','峰峰矿区','130401'),('130421','邯郸县','130400'),('130423','临漳县','130400'),('130424','成安县','130400'),('130425','大名县','130400'),('130426','涉县','130400'),('130427','磁县','130400'),('130428','肥乡县','130400'),('130429','永年县','130400'),('130430','邱县','130400'),('130431','鸡泽县','130400'),('130432','广平县','130400'),('130433','馆陶县','130400'),('130434','魏县','130400'),('130435','曲周县','130400'),('130481','武安市','130400'),('130500','邢台市','130000'),('130501','市辖区','130500'),('130502','桥东区','130501'),('130503','桥西区','130501'),('130521','邢台县','130500'),('130522','临城县','130500'),('130523','内丘县','130500'),('130524','柏乡县','130500'),('130525','隆尧县','130500'),('130526','任县','130500'),('130527','南和县','130500'),('130528','宁晋县','130500'),('130529','巨鹿县','130529'),('130530','新河县','130500'),('130531','广宗县','130500'),('130532','平乡县','130500'),('130533','威县','130500'),('130534','清河县','130500'),('130535','临西县','130500'),('130581','南宫市','130500'),('130582','沙河市','130500'),('130600','保定市','130000'),('130601','新市区','130600'),('130603','北市区','130600'),('130604','南市区','130600'),('130621','满城县','130600'),('130622','清苑县','130600'),('130623','涞水县','130600'),('130624','阜平县','130600'),('130625','徐水县','130600'),('130626','定兴县','130600'),('130627','唐县','130600'),('130628','高阳县','130600'),('130629','容城县','130600'),('130630','涞源县','130600'),('130631','望都县','130600'),('130632','安新县','130600'),('130633','易县','130600'),('130634','曲阳县','130600'),('130635','蠡县','130600'),('130636','顺平县','130600'),('130637','博野县','130600'),('130638','雄县','130600'),('130681','涿州市','130600'),('130682','定州市','130600'),('130683','安国市','130600'),('130684','高碑店市','130600'),('130685','白沟新城县','130600'),('130700','张家口市','130000'),('130701','市辖区','130700'),('130702','桥东区','130701'),('130703','桥西区','130701'),('130705','宣化区','130701'),('130706','下花园区','130701'),('130721','宣化县','130700'),('130722','张北县','130700'),('130723','康保县','130700'),('130724','沽源县','130700'),('130725','尚义县','130700'),('130726','蔚县','130700'),('130727','阳原县','130700'),('130728','怀安县','130700'),('130729','万全县','130700'),('130730','怀来县','130700'),('130731','涿鹿县','130700'),('130732','赤城县','130700'),('130733','崇礼县','130700'),('130800','承德市','130000'),('130801','市辖区','130800'),('130802','双桥区','130801'),('130803','双滦区','130801'),('130804','鹰手营子矿区','130801'),('130821','承德县','130800'),('130822','兴隆县','130800'),('130823','平泉县','130800'),('130824','滦平县','130800'),('130825','隆化县','130800'),('130826','丰宁满族自治县','130800'),('130827','宽城满族自治县','130800'),('130828','围场满族蒙古族自治县','130800'),('130900','沧州市','130000'),('130901','市辖区','130900'),('130902','新华区','130901'),('130903','运河区','130901'),('130921','沧县','130900'),('130922','青县','130900'),('130923','东光县','130900'),('130924','海兴县','130900'),('130925','盐山县','130900'),('130926','肃宁县','130900'),('130927','南皮县','130900'),('130928','吴桥县','130900'),('130929','献县','130900'),('130930','孟村回族自治县','130900'),('130981','泊头市','130900'),('130982','任丘市','130900'),('130983','黄骅市','130900'),('130984','河间市','130900'),('131000','廊坊市','130000'),('131001','市辖区','131000'),('131002','安次区','131001'),('131003','广阳区','131001'),('131022','固安县','131000'),('131023','永清县','131000'),('131024','香河县','131000'),('131025','大城县','131000'),('131026','文安县','131000'),('131028','大厂回族自治县','131000'),('131081','霸州市','131000'),('131082','三河市','131000'),('131100','衡水市','130000'),('131101','市辖区','131100'),('131102','桃城区','131101'),('131121','枣强县','131100'),('131122','武邑县','131100'),('131123','武强县','131100'),('131124','饶阳县','131100'),('131125','安平县','131100'),('131126','故城县','131100'),('131127','景县','131100'),('131128','阜城县','131100'),('131181','冀州市','131100'),('131182','深州市','131100'),('140000','山西省','0'),('140100','太原市','140000'),('140101','市辖区','140100'),('140105','小店区','140101'),('140106','迎泽区','140101'),('140107','杏花岭区','140101'),('140108','尖草坪区','140101'),('140109','万柏林区','140101'),('140110','晋源区','140101'),('140121','清徐县','140100'),('140122','阳曲县','140100'),('140123','娄烦县','140100'),('140181','古交市','140100'),('140200','大同市','140000'),('140201','市辖区','140200'),('140202','城区','140201'),('140203','矿区','140201'),('140211','南郊区','140201'),('140212','新荣区','140201'),('140221','阳高县','140200'),('140222','天镇县','140200'),('140223','广灵县','140200'),('140224','灵丘县','140200'),('140225','浑源县','140200'),('140226','左云县','140200'),('140227','大同县','140200'),('140300','阳泉市','140000'),('140301','市辖区','140300'),('140302','城区','140301'),('140303','矿区','140301'),('140311','郊区','140301'),('140321','平定县','140300'),('140322','盂县','140300'),('140400','长治市','140000'),('140401','市辖区','140400'),('140402','城区','140401'),('140411','郊区','140401'),('140421','长治县','140400'),('140423','襄垣县','140400'),('140424','屯留县','140400'),('140425','平顺县','140400'),('140426','黎城县','140400'),('140427','壶关县','140400'),('140428','长子县','140400'),('140429','武乡县','140400'),('140430','沁县','140400'),('140431','沁源县','140400'),('140481','潞城市','140400'),('140500','晋城市','140000'),('140501','市辖区','140500'),('140502','城区','140501'),('140521','沁水县','140500'),('140522','阳城县','140500'),('140524','陵川县','140500'),('140525','泽州县','140500'),('140581','高平市','140500'),('140600','朔州市','140000'),('140601','市辖区','140600'),('140602','朔城区','140601'),('140603','平鲁区','140601'),('140621','山阴县','140600'),('140622','应县','140600'),('140623','右玉县','140600'),('140624','怀仁县','140600'),('140700','晋中市','140000'),('140701','市辖区','140700'),('140702','榆次区','140701'),('140721','榆社县','140700'),('140722','左权县','140700'),('140723','和顺县','140700'),('140724','昔阳县','140700'),('140725','寿阳县','140700'),('140726','太谷县','140700'),('140727','祁县','140700'),('140728','平遥县','140700'),('140729','灵石县','140700'),('140781','介休市','140700'),('140800','运城市','140000'),('140801','市辖区','140800'),('140802','盐湖区','140801'),('140821','临猗县','140800'),('140822','万荣县','140800'),('140823','闻喜县','140800'),('140824','稷山县','140800'),('140825','新绛县','140800'),('140826','绛县','140800'),('140827','垣曲县','140800'),('140828','夏县','140800'),('140829','平陆县','140800'),('140830','芮城县','140800'),('140881','永济市','140800'),('140882','河津市','140800'),('140900','忻州市','140000'),('140901','忻府区','140900'),('140921','定襄县','140900'),('140922','五台县','140900'),('140923','代县','140900'),('140924','繁峙县','140900'),('140925','宁武县','140900'),('140926','静乐县','140900'),('140927','神池县','140900'),('140928','五寨县','140900'),('140929','岢岚县','140900'),('140930','河曲县','140900'),('140931','保德县','140900'),('140932','偏关县','140900'),('140981','原平市','140900'),('141000','临汾市','140000'),('141001','市辖区','141000'),('141002','尧都区','141000'),('141021','曲沃县','141000'),('141022','翼城县','141000'),('141023','襄汾县','141000'),('141024','洪洞县','141000'),('141025','古县','141000'),('141026','安泽县','141000'),('141027','浮山县','141000'),('141028','吉县','141000'),('141029','乡宁县','141000'),('141030','大宁县','141000'),('141031','隰县','141000'),('141032','永和县','141000'),('141033','蒲县','141000'),('141034','汾西县','141000'),('141081','侯马市','141000'),('141082','霍州市','141000'),('141100','吕梁市','140000'),('141101','市辖区','141100'),('141102','离石区','141101'),('141121','文水县','141100'),('141122','交城县','141100'),('141123','兴县','141100'),('141124','临县','141100'),('141125','柳林县','141100'),('141126','石楼县','141100'),('141127','岚县','141100'),('141128','方山县','141100'),('141129','中阳县','141100'),('141130','交口县','141100'),('141181','孝义市','141100'),('141182','汾阳市','141100'),('150000','内蒙古自治区','0'),('150100','呼和浩特市','150000'),('150101','市辖区','150100'),('150102','新城区','150101'),('150103','回民区','150101'),('150104','玉泉区','150101'),('150105','赛罕区','150101'),('150121','土默特左旗','150100'),('150122','托克托县','150100'),('150123','和林格尔县','150100'),('150124','清水河县','150100'),('150125','武川县','150100'),('150200','包头市','150000'),('150201','市辖区','150200'),('150202','东河区','150201'),('150203','昆都仑区','150201'),('150204','青山区','150201'),('150205','石拐区','150201'),('150206','白云矿区','150201'),('150207','九原区','150201'),('150221','土默特右旗','150200'),('150222','固阳县','150200'),('150223','达尔罕茂明安联合旗','150200'),('150300','乌海市','150000'),('150301','市辖区','150300'),('150302','海勃湾区','150301'),('150303','海南区','150301'),('150304','乌达区','150301'),('150400','赤峰市','150000'),('150401','市辖区','150400'),('150402','红山区','150401'),('150403','元宝山区','150401'),('150404','松山区','150401'),('150421','阿鲁科尔沁旗','150400'),('150422','巴林左旗','150400'),('150423','巴林右旗','150400'),('150424','林西县','150400'),('150425','克什克腾旗','150400'),('150426','翁牛特旗','150400'),('150428','喀喇沁旗','150400'),('150429','宁城县','150400'),('150430','敖汉旗','150400'),('150500','通辽市','150000'),('150501','市辖区','150500'),('150502','科尔沁区','150501'),('150521','科尔沁左翼中旗','150500'),('150522','科尔沁左翼后旗','150500'),('150523','开鲁县','150500'),('150524','库伦旗','150500'),('150525','奈曼旗','150500'),('150526','扎鲁特旗','150500'),('150581','霍林郭勒市','150500'),('150600','鄂尔多斯市','150000'),('150602','东胜区','150600'),('150621','达拉特旗','150600'),('150622','准格尔旗','150600'),('150623','鄂托克前旗','150600'),('150624','鄂托克旗','150600'),('150625','杭锦旗','150600'),('150626','乌审旗','150600'),('150627','伊金霍洛旗','150600'),('150700','呼伦贝尔市','150000'),('150701','市辖区','150700'),('150702','海拉尔区','150701'),('150721','阿荣旗','150700'),('150722','莫力达瓦达斡尔族自治旗','150700'),('150723','鄂伦春自治旗','150700'),('150724','鄂温克族自治旗','150700'),('150725','陈巴尔虎旗','150700'),('150726','新巴尔虎左旗','150700'),('150727','新巴尔虎右旗','150700'),('150781','满洲里市','150700'),('150782','牙克石市','150700'),('150783','扎兰屯市','150700'),('150784','额尔古纳市','150700'),('150785','根河市','150700'),('150800','巴彦淖尔市','150000'),('150801','市辖区','150800'),('150802','临河区','150800'),('150821','五原县','150800'),('150822','磴口县','150800'),('150823','乌拉特前旗','150800'),('150824','乌拉特中旗','150800'),('150825','乌拉特后旗','150800'),('150826','杭锦后旗','150800'),('150900','乌兰察布市','150000'),('150901','市辖区','150900'),('150902','集宁区','150901'),('150921','卓资县','150900'),('150922','化德县','150900'),('150923','商都县','150900'),('150924','兴和县','150900'),('150925','凉城县','150900'),('150926','察哈尔右翼前旗','150900'),('150927','察哈尔右翼中旗','150900'),('150928','察哈尔右翼后旗','150900'),('150929','四子王旗','150900'),('150981','丰镇市','150900'),('152200','兴安盟','150000'),('152201','乌兰浩特市','152200'),('152202','阿尔山市','152200'),('152221','科尔沁右翼前旗','152200'),('152222','科尔沁右翼中旗','152200'),('152223','扎赉特旗','152200'),('152224','突泉县','152200'),('152500','锡林郭勒盟','150000'),('152501','二连浩特市','152500'),('152502','锡林浩特市','152500'),('152522','阿巴嘎旗','152500'),('152523','苏尼特左旗','152500'),('152524','苏尼特右旗','152500'),('152525','东乌珠穆沁旗','152500'),('152526','西乌珠穆沁旗','152500'),('152527','太仆寺旗','152500'),('152528','镶黄旗','152500'),('152529','正镶白旗','152500'),('152530','正蓝旗','152500'),('152531','多伦县','152500'),('152900','阿拉善盟','150000'),('152921','阿拉善左旗','152900'),('152922','阿拉善右旗','152900'),('152923','额济纳旗','152900'),('210000','辽宁省','0'),('210100','沈阳市','210000'),('210101','市辖区','210100'),('210102','和平区','210101'),('210103','沈河区','210101'),('210104','大东区','210101'),('210105','皇姑区','210101'),('210106','铁西区','210101'),('210111','苏家屯区','210101'),('210112','东陵区','210101'),('210113','新城子区','210101'),('210114','于洪区','210101'),('210122','辽中县','210100'),('210123','康平县','210100'),('210124','法库县','210100'),('210181','新民市','210100'),('210182','沈北新区','210100'),('210200','大连市','210000'),('210201','市辖区','210200'),('210202','中山区','210201'),('210203','西岗区','210201'),('210204','沙河口区','210201'),('210211','甘井子区','210201'),('210212','旅顺口区','210201'),('210213','金州区','210201'),('210224','长海县','210200'),('210281','瓦房店市','210200'),('210282','普兰店市','210200'),('210283','庄河市','210200'),('210300','鞍山市','210000'),('210301','市辖区','210300'),('210302','铁东区','210301'),('210303','铁西区','210301'),('210304','立山区','210301'),('210311','千山区','210301'),('210321','台安县','210300'),('210323','岫岩满族自治县','210300'),('210381','海城市','210300'),('210400','抚顺市','210000'),('210401','市辖区','210400'),('210402','新抚区','210401'),('210403','东洲区','210401'),('210404','望花区','210401'),('210411','顺城区','210401'),('210421','抚顺县','210400'),('210422','新宾满族自治县','210400'),('210423','清原满族自治县','210400'),('210500','本溪市','210000'),('210501','市辖区','210500'),('210502','平山区','210501'),('210503','溪湖??','210501'),('210504','明山区','210501'),('210505','南芬区','210501'),('210521','本溪满族自治县','210500'),('210522','桓仁满族自治县','210500'),('210600','丹东市','210000'),('210601','市辖区','210600'),('210602','元宝区','210601'),('210603','振兴区','210601'),('210604','振安区','210601'),('210624','宽甸满族自治县','210600'),('210681','东港市','210600'),('210682','凤城市','210600'),('210700','锦州市','210000'),('210701','市辖区','210700'),('210702','古塔区','210701'),('210703','凌河区','210701'),('210711','太和区','210701'),('210726','黑山县','210700'),('210727','义县','210700'),('210781','凌海市','210700'),('210782','北宁市','210700'),('210800','营口市','210000'),('210801','市辖区','210800'),('210802','站前区','210801'),('210803','西市区','210801'),('210804','鲅鱼圈区','210801'),('210811','老边区','210801'),('210881','盖州市','210800'),('210882','大石桥市','210800'),('210900','阜新市','210000'),('210901','市辖区','210900'),('210902','海州区','210901'),('210903','新邱区','210901'),('210904','太平区','210901'),('210905','清河门区','210901'),('210911','细河区','210901'),('210921','阜新蒙古族自治县','210900'),('210922','彰武县','210900'),('211000','辽阳市','210000'),('211001','市辖区','211000'),('211002','白塔区','211001'),('211003','文圣区','211001'),('211004','宏伟区','211001'),('211005','弓长岭区','211001'),('211011','太子河区','211001'),('211021','辽阳县','211000'),('211081','灯塔市','211000'),('211100','盘锦市','210000'),('211101','市辖区','211100'),('211102','双台子区','211101'),('211103','兴隆台区','211101'),('211121','大洼县','211100'),('211122','盘山县','211100'),('211200','铁岭市','210000'),('211201','市辖区','211200'),('211202','银州区','211201'),('211204','清河区','211201'),('211221','铁岭县','211200'),('211223','西丰县','211200'),('211224','昌图县','211200'),('211281','调兵山市','211200'),('211282','开原市','211200'),('211300','朝阳市','210000'),('211301','市辖区','211300'),('211302','双塔区','211301'),('211303','龙城区','211301'),('211321','朝阳县','211300'),('211322','建平县','211300'),('211324','喀喇沁左翼蒙古族自治县','211300'),('211381','北票市','211300'),('211382','凌源市','211300'),('211400','葫芦岛市','210000'),('211401','市辖区','211400'),('211402','连山区','211401'),('211403','龙港区','211401'),('211404','南票区','211401'),('211421','绥中县','211400'),('211422','建昌县','211400'),('211481','兴城市','211400'),('220000','吉林省','0'),('220100','长春市','220000'),('220101','市辖区','220100'),('220102','南关区','220101'),('220103','宽城区','220101'),('220104','朝阳区','220101'),('220105','二道区','220101'),('220106','绿园区','220101'),('220112','双阳区','220101'),('220122','农安县','220100'),('220181','九台市','220100'),('220182','榆树市','220100'),('220183','德惠市','220100'),('220200','吉林市','220000'),('220201','市辖区','220200'),('220202','昌邑区','220201'),('220203','龙潭区','220201'),('220204','船营区','220201'),('220211','丰满区','220201'),('220221','永吉县','220200'),('220281','蛟河市','220200'),('220282','桦甸市','220200'),('220283','舒兰市','220200'),('220284','磐石市','220200'),('220300','四平市','220000'),('220301','市辖区','220300'),('220302','铁西区','220301'),('220303','铁东区','220301'),('220322','梨树县','220300'),('220323','伊通满族自治县','220300'),('220381','公主岭市','220300'),('220382','双辽市','220300'),('220400','辽源市','220000'),('220401','市辖区','220400'),('220402','龙山区','220401'),('220403','西安区','220401'),('220421','东丰县','220400'),('220422','东辽县','220400'),('220500','通化市','220000'),('220501','市辖区','220500'),('220502','东昌区','220501'),('220503','二道江区','220501'),('220521','通化县','220500'),('220523','辉南县','220500'),('220524','柳河县','220500'),('220581','梅河口市','220500'),('220582','集安市','220500'),('220600','白山市','220000'),('220601','市辖区','220600'),('220602','八道江区','220601'),('220621','抚松县','220600'),('220622','靖宇县','220600'),('220623','长白朝鲜族自治县','220600'),('220625','江源区','220600'),('220681','临江市','220600'),('220700','松原市','220000'),('220701','市辖区','220700'),('220702','宁江区','220701'),('220721','前郭尔罗斯蒙古族自治县','220700'),('220722','长岭县','220700'),('220723','乾安县','220700'),('220724','扶余市','220700'),('220800','白城市','220000'),('220801','市辖区','220800'),('220802','洮北区','220800'),('220821','镇赉县','220800'),('220822','通榆县','220800'),('220881','洮南市','220800'),('220882','大安市','220800'),('222400','延边朝鲜族自治州','220000'),('222401','延吉市','222400'),('222402','图们市','222400'),('222403','敦化市','222400'),('222404','珲春市','222400'),('222405','龙井市','222400'),('222406','和龙市','222400'),('222424','汪清县','222400'),('222426','安图县','222400'),('230000','黑龙江省','0'),('230100','哈尔滨市','230000'),('230101','市辖区','230100'),('230102','道里区','230101'),('230103','南岗区','230101'),('230104','道外区','230101'),('230106','香坊区','230101'),('230107','动力区','230101'),('230108','平房区','230101'),('230109','松北区','230101'),('230111','呼兰区','230101'),('230123','依兰县','230100'),('230124','方正县','230100'),('230125','宾县','230100'),('230126','巴彦县','230100'),('230127','木兰县','230100'),('230128','通河县','230100'),('230129','延寿县','230100'),('230181','阿城市','230100'),('230182','双城市','230100'),('230183','尚志市','230100'),('230184','五常市','230100'),('230200','齐齐哈尔市','230000'),('230201','市辖区','230200'),('230202','龙沙区','230201'),('230203','建华区','230201'),('230204','铁锋区','230201'),('230205','昂昂溪区','230201'),('230206','富拉尔基区','230201'),('230207','碾子山区','230201'),('230208','梅里斯达斡尔族区','230201'),('230221','龙江县','230200'),('230223','依安县','230200'),('230224','泰来县','230200'),('230225','甘南县','230200'),('230227','富裕县','230200'),('230229','克山县','230200'),('230230','克东县','230200'),('230231','拜泉县','230200'),('230281','讷河市','230200'),('230300','鸡西市','230000'),('230301','市辖区','230300'),('230302','鸡冠区','230301'),('230303','恒山区','230301'),('230304','滴道区','230301'),('230305','梨树区','230301'),('230306','城子河区','230301'),('230307','麻山区','230301'),('230321','鸡东县','230300'),('230381','虎林市','230300'),('230382','密山市','230300'),('230400','鹤岗市','230000'),('230401','市辖区','230400'),('230402','向阳区','230401'),('230403','工农区','230401'),('230404','南山区','230401'),('230405','兴安区','230401'),('230406','东山区','230401'),('230407','兴山区','230401'),('230421','萝北县','230400'),('230422','绥滨县','230400'),('230500','双鸭山市','230000'),('230501','市辖区','230500'),('230502','尖山区','230501'),('230503','岭东区','230501'),('230505','四方台区','230501'),('230506','宝山区','230501'),('230521','集贤县','230500'),('230522','友谊县','230500'),('230523','宝清县','230500'),('230524','饶河县','230500'),('230600','大庆市','230000'),('230601','市辖区','230600'),('230602','萨尔图区','230601'),('230603','龙凤区','230601'),('230604','让胡路区','230601'),('230605','红岗区','230601'),('230606','大同区','230601'),('230621','肇州县','230600'),('230622','肇源县','230600'),('230623','林甸县','230600'),('230624','杜尔伯特蒙古族自治县','230600'),('230700','伊春市','230000'),('230701','市辖区','230700'),('230702','伊春区','230701'),('230703','南岔区','230701'),('230704','友好区','230701'),('230705','西林区','230701'),('230706','翠峦区','230701'),('230707','新青区','230701'),('230708','美溪区','230701'),('230709','金山屯区','230701'),('230710','五营区','230701'),('230711','乌马河区','230701'),('230712','汤旺河区','230701'),('230713','带岭区','230701'),('230714','乌伊岭区','230701'),('230715','红星区','230701'),('230716','上甘岭区','230701'),('230722','嘉荫县','230700'),('230781','铁力市','230700'),('230800','佳木斯市','230000'),('230801','市辖区','230800'),('230803','向阳区','230801'),('230804','前进区','230801'),('230805','东风区','230801'),('230811','郊区','230801'),('230822','桦南县','230800'),('230826','桦川县','230800'),('230828','汤原县','230800'),('230833','抚远县','230800'),('230881','同江市','230800'),('230882','富锦市','230800'),('230900','七台河市','230000'),('230901','市辖区','230900'),('230902','新兴区','230901'),('230903','桃山区','230901'),('230904','茄子河区','230901'),('230921','勃利县','230900'),('231000','牡丹江市','230000'),('231001','市辖区','231000'),('231002','东安区','231001'),('231003','阳明区','231001'),('231004','爱民区','231001'),('231005','西安区','231001'),('231024','东宁县','231000'),('231025','林口县','231000'),('231081','绥芬河市','231000'),('231083','海林市','231000'),('231084','宁安市','231000'),('231085','穆棱市','231000'),('231100','黑河市','230000'),('231101','市辖区','231100'),('231102','爱辉区','231101'),('231121','嫩江县','231100'),('231123','逊克县','231100'),('231124','孙吴县','231100'),('231181','北安市','231100'),('231182','五大连池市','231100'),('231200','绥化市','230000'),('231201','北林区','231200'),('231221','望奎县','231200'),('231222','兰西县','231200'),('231223','青冈县','231200'),('231224','庆安县','231200'),('231225','明水县','231200'),('231226','绥棱县','231200'),('231281','安达市','231200'),('231282','肇东市','231200'),('231283','海伦市','231200'),('232700','大兴安岭地区','230000'),('232701','加格达奇区','232700'),('232702','松岭区','232700'),('232703','新林区','232700'),('232704','呼中区','232700'),('232721','呼玛县','232700'),('232722','塔河县','232700'),('232723','漠河县','232700'),('310000','上海市','0'),('310100','黄浦区','310000'),('310300','卢湾区','310000'),('310400','徐汇区','310000'),('310500','长宁区','310000'),('310600','静安区','310000'),('310700','普陀区','310000'),('310800','闸北区','310000'),('310900','虹口区','310000'),('311000','杨浦区','310000'),('311200','闵行区','310000'),('311300','宝山区','310000'),('311400','嘉定区','310000'),('311500','浦东新区','310000'),('311600','金山区','310000'),('311700','松江区','310000'),('311800','青浦区','310000'),('311900','南汇区','310000'),('312000','奉贤区','310000'),('313000','崇明县','310000'),('320000','江苏省','0'),('320100','南京市','320000'),('320101','市辖区','320100'),('320102','玄武区','320101'),('320103','白下区','320101'),('320104','秦淮区','320101'),('320105','建邺区','320101'),('320106','鼓楼区','320101'),('320107','下关区','320101'),('320111','浦口区','320101'),('320113','栖霞区','320101'),('320114','雨花台区','320101'),('320115','江宁区','320101'),('320116','六合区','320101'),('320124','溧水区','320100'),('320125','高淳区','320100'),('320200','无锡市','320000'),('320201','市辖区','320200'),('320202','崇安区','320201'),('320203','南长区','320201'),('320204','北塘区','320201'),('320205','锡山区','320201'),('320206','惠山区','320201'),('320211','滨湖区','320201'),('320281','江阴市','320200'),('320282','宜兴市','320200'),('320300','徐州市','320000'),('320301','泉山区','320300'),('320302','鼓楼区','320300'),('320303','云龙区','320300'),('320304','九里区','320301'),('320305','贾汪区','320300'),('320321','丰县','320300'),('320322','沛县','320300'),('320323','铜山县','320300'),('320324','睢宁县','320300'),('320381','新沂市','320300'),('320382','邳州市','320300'),('320400','常州市','320000'),('320401','市辖区','320400'),('320402','天宁区','320401'),('320404','钟楼区','320401'),('320405','戚墅堰区','320401'),('320411','新北区','320401'),('320412','武进区','320401'),('320481','溧阳市','320400'),('320482','金坛市','320400'),('320500','苏州市','320000'),('320501','市辖区','320500'),('320502','沧浪区','320501'),('320503','平江区','320501'),('320504','金阊区','320501'),('320505','虎丘区','320501'),('320506','吴中区','320501'),('320507','相城区','320501'),('320581','常熟市','320500'),('320582','张家港市','320500'),('320583','昆山市','320500'),('320584','吴江市','320500'),('320585','太仓市','320500'),('320600','南通市','320000'),('320601','市辖区','320600'),('320602','崇川区','320601'),('320611','港闸区','320601'),('320621','海安县','320600'),('320623','如东县','320600'),('320681','启东市','320600'),('320682','如皋市','320600'),('320683','通州市','320600'),('320684','海门市','320600'),('320700','连云港市','320000'),('320701','市辖区','320700'),('320703','连云区','320701'),('320705','新浦区','320701'),('320706','海州区','320701'),('320721','赣榆县','320700'),('320722','东海县','320700'),('320723','灌云县','320700'),('320724','灌南县','320700'),('320800','淮安市','320000'),('320801','市辖区','320800'),('320802','清河区','320801'),('320803','楚州区','320801'),('320804','淮阴区','320801'),('320811','清浦区','320801'),('320826','涟水县','320800'),('320829','洪泽县','320800'),('320830','盱眙县','320800'),('320831','金湖县','320800'),('320900','盐城市','320000'),('320901','市辖区','320900'),('320902','亭湖区','320901'),('320903','盐都区','320901'),('320921','响水县','320900'),('320922','滨海县','320900'),('320923','阜宁县','320900'),('320924','射阳县','320900'),('320925','建湖县','320900'),('320981','东台市','320900'),('320982','大丰市','320900'),('321000','扬州市','320000'),('321001','市辖区','321000'),('321002','广陵区','321001'),('321003','邗江区','321001'),('321011','维扬区','321001'),('321023','宝应县','321000'),('321081','仪征市','321000'),('321084','高邮市','321000'),('321088','江都市','321000'),('321100','镇江市','320000'),('321101','市辖区','321100'),('321102','京口区','321101'),('321111','润州区','321101'),('321112','丹徒区','321101'),('321181','丹阳市','321100'),('321182','扬中市','321100'),('321183','句容市','321100'),('321200','泰州市','320000'),('321201','市辖区','321200'),('321202','海陵区','321201'),('321203','高港区','321201'),('321281','兴化市','321200'),('321282','靖江市','321200'),('321283','泰兴市','321200'),('321284','姜堰市','321200'),('321300','宿迁市','320000'),('321301','市辖区','321300'),('321302','宿城区','321301'),('321311','宿豫区','321301'),('321322','沭阳县','321300'),('321323','泗阳县','321300'),('321324','泗洪县','321300'),('330000','浙江省','0'),('330100','杭州市','330000'),('330101','市辖区','330100'),('330102','上城区','330101'),('330103','下城区','330101'),('330104','江干区','330101'),('330105','拱墅区','330101'),('330106','西湖区','330101'),('330108','滨江区','330101'),('330109','萧山区','330101'),('330110','余杭区','330101'),('330122','桐庐县','330100'),('330127','淳安县','330100'),('330182','建德市','330100'),('330183','富阳市','330100'),('330185','临安市','330100'),('330200','宁波市','330000'),('330201','市辖区','330200'),('330203','海曙区','330201'),('330204','江东区','330201'),('330205','江北区','330201'),('330206','北仑区','330201'),('330211','镇海区','330201'),('330212','鄞州区','330201'),('330225','象山县','330200'),('330226','宁海县','330200'),('330281','余姚市','330200'),('330282','慈溪市','330200'),('330283','奉化市','330200'),('330300','温州市','330000'),('330301','市辖区','330300'),('330302','鹿城区','330301'),('330303','龙湾区','330301'),('330304','瓯海区','330301'),('330322','洞头县','330300'),('330324','永嘉县','330300'),('330326','平阳县','330300'),('330327','苍南县','330300'),('330328','文成县','330300'),('330329','泰顺县','330300'),('330381','瑞安市','330300'),('330382','乐清市','330300'),('330400','嘉兴市','330000'),('330401','市辖区','330400'),('330402','南湖区','330401'),('330411','秀洲区','330401'),('330421','嘉善县','330400'),('330424','海盐县','330400'),('330481','海宁市','330400'),('330482','平湖市','330400'),('330483','桐乡市','330400'),('330500','湖州市','330000'),('330501','市辖区','330500'),('330502','吴兴区','330501'),('330503','南浔区','330501'),('330521','德清县','330500'),('330522','长兴县','330500'),('330523','安吉县','330500'),('330600','绍兴市','330000'),('330601','市辖区','330600'),('330602','越城区','330601'),('330621','绍兴县','330600'),('330624','新昌县','330600'),('330681','诸暨市','330600'),('330682','上虞市','330600'),('330683','嵊州市','330600'),('330700','金华市','330000'),('330701','市辖区','330700'),('330702','婺城区','330701'),('330703','金东区','330701'),('330723','武义县','330700'),('330726','浦江县','330700'),('330727','磐安县','330700'),('330781','兰溪市','330700'),('330782','义乌市','330700'),('330783','东阳市','330700'),('330784','永康市','330700'),('330800','衢州市','330000'),('330801','市辖区','330800'),('330802','柯城区','330801'),('330803','衢江区','330801'),('330822','常山县','330800'),('330824','开化县','330800'),('330825','龙游县','330800'),('330881','江山市','330800'),('330900','舟山市','330000'),('330901','市辖区','330900'),('330902','定海区','330901'),('330903','普陀区','330901'),('330921','岱山县','330900'),('330922','嵊泗县','330900'),('331000','台州市','330000'),('331001','市辖区','331000'),('331002','椒江区','331001'),('331003','黄岩区','331001'),('331004','路桥区','331001'),('331021','玉环县','331000'),('331022','三门县','331000'),('331023','天台县','331000'),('331024','仙居县','331000'),('331081','温岭市','331000'),('331082','临海市','331000'),('331100','丽水市','330000'),('331101','市辖区','331100'),('331102','莲都区','331101'),('331121','青田县','331100'),('331122','缙云县','331100'),('331123','遂昌县','331100'),('331124','松阳县','331100'),('331125','云和县','331100'),('331126','庆元县','331100'),('331127','景宁畲族自治县','331100'),('331181','龙泉市','331100'),('340000','安徽省','0'),('340100','合肥市','340000'),('340101','市辖区','340100'),('340102','瑶海区','340101'),('340103','庐阳区','340101'),('340104','蜀山区','340101'),('340111','包河区','340101'),('340121','长丰县','340100'),('340122','肥东县','340100'),('340123','肥西县','340100'),('340124','庐江县','340100'),('340181','巢湖市','340100'),('340200','芜湖市','340000'),('340201','市辖区','340200'),('340202','镜湖区','340201'),('340203','马塘区','340201'),('340207','鸠江区','340201'),('340221','芜湖县','340200'),('340222','繁昌县','340200'),('340223','南陵县','340200'),('340225','无为县','340200'),('340300','蚌埠市','340000'),('340301','市辖区','340300'),('340302','龙子湖区','340301'),('340303','蚌山区','340301'),('340304','禹会区','340301'),('340311','淮上区','340301'),('340321','怀远县','340300'),('340322','五河县','340300'),('340323','固镇县','340300'),('340400','淮南市','340000'),('340401','市辖区','340400'),('340402','大通区','340401'),('340403','田家庵区','340401'),('340404','谢家集区','340401'),('340405','八公山区','340401'),('340406','潘集区','340401'),('340421','凤台县','340400'),('340500','马鞍山市','340000'),('340501','市辖区','340500'),('340502','金家庄区','340501'),('340503','花山区','340501'),('340504','雨山区','340501'),('340521','当涂县','340500'),('340522','含山县','340500'),('340523','和县','340500'),('340600','淮北市','340000'),('340601','市辖区','340600'),('340602','杜集区','340601'),('340603','相山区','340601'),('340604','烈山区','340601'),('340621','濉溪县','340600'),('340700','铜陵市','340000'),('340701','市辖区','340700'),('340702','铜官山区','340701'),('340703','狮子山区','340701'),('340711','郊区','340701'),('340721','铜陵县','340700'),('340800','安庆市','340000'),('340801','市辖区','340800'),('340802','迎江区','340801'),('340803','大观区','340801'),('340811','宜秀区','340801'),('340822','怀宁县','340800'),('340823','枞阳县','340800'),('340824','潜山县','340800'),('340825','太湖县','340800'),('340826','宿松县','340800'),('340827','望江县','340800'),('340828','岳西县','340800'),('340881','桐城市','340800'),('341000','黄山市','340000'),('341001','黄山区','341000'),('341002','屯溪区','341000'),('341004','徽州区','341000'),('341021','歙县','341000'),('341022','休宁县','341000'),('341023','黟县','341000'),('341024','祁门县','341000'),('341091','汤口镇','341000'),('341100','滁州市','340000'),('341101','市辖区','341100'),('341102','琅琊区','341101'),('341103','南谯区','341101'),('341122','来安县','341100'),('341124','全椒县','341100'),('341125','定远县','341100'),('341126','凤阳县','341100'),('341181','天长市','341100'),('341182','明光市','341100'),('341200','阜阳市','340000'),('341201','颍泉区','341200'),('341202','颍州区','341200'),('341203','颍东区','341200'),('341221','临泉县','341200'),('341222','太和县','341200'),('341225','阜南县','341200'),('341226','颍上县','341200'),('341282','界首市','341200'),('341300','宿州市','340000'),('341301','市辖区','341300'),('341302','埇桥区','341301'),('341321','砀山县','341300'),('341322','萧县','341300'),('341323','灵璧县','341300'),('341324','泗县','341300'),('341402','居巢区','340100'),('341500','六安市','340000'),('341501','市辖区','341500'),('341502','金安区','341501'),('341503','裕安区','341501'),('341521','寿县','341500'),('341522','霍邱县','341500'),('341523','舒城县','341500'),('341524','金寨县','341500'),('341525','霍山县','341500'),('341600','亳州市','340000'),('341601','谯城区','341600'),('341621','涡阳县','341600'),('341622','蒙城县','341600'),('341623','利辛县','341600'),('341700','池州市','340000'),('341701','市辖区','341700'),('341702','贵池区','341701'),('341721','东至县','341700'),('341722','石台县','341700'),('341723','青阳县','341700'),('341800','宣城市','340000'),('341801','市辖区','341800'),('341802','宣州区','341801'),('341821','郎溪县','341800'),('341822','广德县','341800'),('341823','泾县','341800'),('341824','绩溪县','341800'),('341825','旌德县','341800'),('341881','宁国市','341800'),('350000','福建省','0'),('350100','福州市','350000'),('350101','市辖区','350100'),('350102','鼓楼区','350101'),('350103','台江区','350101'),('350104','仓山区','350101'),('350105','马尾区','350101'),('350111','晋安区','350101'),('350121','闽侯县','350100'),('350122','连江县','350100'),('350123','罗源县','350100'),('350124','闽清县','350100'),('350125','永泰县','350100'),('350128','平潭县','350100'),('350181','福清市','350100'),('350182','长乐市','350100'),('350200','厦门市','350000'),('350201','市辖区','350200'),('350203','思明区','350201'),('350205','海沧区','350201'),('350206','湖里区','350201'),('350211','集美区','350201'),('350212','同安区','350201'),('350213','翔安区','350201'),('350300','莆田市','350000'),('350301','市辖区','350300'),('350302','城厢区','350301'),('350303','涵江区','350301'),('350304','荔城区','350301'),('350305','秀屿区','350301'),('350322','仙游县','350300'),('350400','三明市','350000'),('350401','市辖区','350400'),('350402','梅列区','350401'),('350403','三元区','350401'),('350421','明溪县','350400'),('350423','清流县','350400'),('350424','宁化县','350400'),('350425','大田县','350400'),('350426','尤溪县','350400'),('350427','沙县','350400'),('350428','将乐县','350400'),('350429','泰宁县','350400'),('350430','建宁县','350400'),('350481','永安市','350400'),('350500','泉州市','350000'),('350501','市辖区','350500'),('350502','鲤城区','350501'),('350503','丰泽区','350501'),('350504','洛江区','350501'),('350505','泉港区','350501'),('350521','惠安县','350500'),('350524','安溪县','350500'),('350525','永春县','350500'),('350526','德化县','350500'),('350527','金门县','350500'),('350581','石狮市','350500'),('350582','晋江市','350500'),('350583','南安市','350500'),('350600','漳州市','350000'),('350601','市辖区','350600'),('350602','芗城区','350601'),('350603','龙文区','350601'),('350622','云霄县','350600'),('350623','漳浦县','350600'),('350624','诏安县','350600'),('350625','长泰县','350600'),('350626','东山县','350600'),('350627','南靖县','350600'),('350628','平和县','350600'),('350629','华安县','350600'),('350681','龙海市','350600'),('350700','南平市','350000'),('350701','市辖区','350700'),('350702','延平区','350701'),('350721','顺昌县','350700'),('350722','浦城县','350700'),('350723','光泽县','350700'),('350724','松溪县','350700'),('350725','政和县','350700'),('350781','邵武市','350700'),('350782','武夷山市','350700'),('350783','建瓯市','350700'),('350784','建阳市','350700'),('350800','龙岩市','350000'),('350801','市辖区','350800'),('350802','新罗区','350801'),('350821','长汀县','350800'),('350822','永定县','350800'),('350823','上杭县','350800'),('350824','武平县','350800'),('350825','连城县','350800'),('350881','漳平市','350800'),('350900','宁德市','350000'),('350901','市辖区','350900'),('350902','蕉城区','350901'),('350921','霞浦县','350900'),('350922','古田县','350900'),('350923','屏南县','350900'),('350924','寿宁县','350900'),('350925','周宁县','350900'),('350926','柘荣县','350900'),('350981','福安市','350900'),('350982','福鼎市','350900'),('360000','江西省','0'),('360100','南昌市','360000'),('360101','市辖区','360100'),('360102','东湖区','360101'),('360103','西湖区','360101'),('360104','青云谱区','360101'),('360105','湾里区','360101'),('360111','青山湖区','360101'),('360121','南昌县','360100'),('360122','新建县','360100'),('360123','安义县','360100'),('360124','进贤县','360100'),('360200','景德镇市','360000'),('360201','市辖区','360200'),('360202','昌江区','360201'),('360203','珠山区','360201'),('360222','浮梁县','360200'),('360281','乐平市','360200'),('360300','萍乡市','360000'),('360301','市辖区','360300'),('360302','安源区','360301'),('360313','湘东区','360301'),('360321','莲花县','360300'),('360322','上栗县','360300'),('360323','芦溪县','360300'),('360400','九江市','360000'),('360401','市辖区','360400'),('360402','庐山区','360401'),('360403','浔阳区','360401'),('360421','九江县','360400'),('360423','武宁县','360400'),('360424','修水县','360400'),('360425','永修县','360400'),('360426','德安县','360400'),('360427','星子县','360400'),('360428','都昌县','360400'),('360429','湖口县','360400'),('360430','彭泽县','360400'),('360481','瑞昌市','360400'),('360482','共青城市','360400'),('360500','新余市','360000'),('360501','市辖区','360500'),('360502','渝水区','360501'),('360521','分宜县','360500'),('360600','鹰潭市','360000'),('360601','市辖区','360600'),('360602','月湖区','360601'),('360622','余江县','360600'),('360681','贵溪市','360600'),('360700','赣州市','360000'),('360701','市辖区','360700'),('360702','章贡区','360701'),('360721','赣县','360700'),('360722','信丰县','360700'),('360723','大余县','360700'),('360724','上犹县','360700'),('360725','崇义县','360700'),('360726','安远县','360700'),('360727','龙南县','360700'),('360728','定南县','360700'),('360729','全南县','360700'),('360730','宁都县','360700'),('360731','于都县','360700'),('360732','兴国县','360700'),('360733','会昌县','360700'),('360734','寻乌县','360700'),('360735','石城县','360700'),('360781','瑞金市','360700'),('360782','南康市','360700'),('360800','吉安市','360000'),('360801','市辖区','360800'),('360802','吉州区','360801'),('360803','青原区','360801'),('360821','吉安县','360800'),('360822','吉水县','360800'),('360823','峡江县','360800'),('360824','新干县','360800'),('360825','永丰县','360800'),('360826','泰和县','360800'),('360827','遂川县','360800'),('360828','万安县','360800'),('360829','安福县','360800'),('360830','永新县','360800'),('360881','井冈山市','360800'),('360900','宜春市','360000'),('360901','市辖区','360900'),('360902','袁州区','360901'),('360921','奉新县','360900'),('360922','万载县','360900'),('360923','上高县','360900'),('360924','宜丰县','360900'),('360925','靖安县','360900'),('360926','铜鼓县','360900'),('360981','丰城市','360900'),('360982','樟树市','360900'),('360983','高安市','360900'),('361000','抚州市','360000'),('361001','市辖区','361000'),('361002','临川区','361001'),('361021','南城县','361000'),('361022','黎川县','361000'),('361023','南丰县','361000'),('361024','崇仁县','361000'),('361025','乐安县','361000'),('361026','宜黄县','361000'),('361027','金溪县','361000'),('361028','资溪县','361000'),('361029','东乡县','361000'),('361030','广昌县','361000'),('361100','上饶市','360000'),('361101','市辖区','361100'),('361102','信州区','361101'),('361121','上饶县','361100'),('361122','广丰县','361100'),('361123','玉山县','361100'),('361124','铅山县','361100'),('361125','横峰县','361100'),('361126','弋阳县','361100'),('361127','余干县','361100'),('361128','鄱阳县','361100'),('361129','万年县','361100'),('361130','婺源县','361100'),('361181','德兴市','361100'),('370000','山东省','0'),('370100','济南市','370000'),('370101','市辖区','370100'),('370102','历下区','370101'),('370103','市中区','370101'),('370104','槐荫区','370101'),('370105','天桥区','370101'),('370112','历城区','370101'),('370113','长清区','370101'),('370124','平阴县','370100'),('370125','济阳县','370100'),('370126','商河县','370100'),('370181','章丘市','370100'),('370200','青岛市','370000'),('370201','市辖区','370200'),('370202','市南区','370201'),('370203','市北区','370201'),('370205','四方区','370201'),('370211','黄岛区','370201'),('370212','崂山区','370201'),('370213','李沧区','370201'),('370214','城阳区','370201'),('370281','胶州市','370200'),('370282','即墨市','370200'),('370283','平度市','370200'),('370284','胶南市','370200'),('370285','莱西市','370200'),('370300','淄博市','370000'),('370301','市辖区','370300'),('370302','淄川区','370301'),('370303','张店区','370301'),('370304','博山区','370301'),('370305','临淄区','370301'),('370306','周村区','370301'),('370321','桓台县','370300'),('370322','高青县','370300'),('370323','沂源县','370300'),('370400','枣庄市','370000'),('370401','市辖区','370400'),('370402','市中区','370401'),('370403','薛城区','370401'),('370404','峄城区','370401'),('370405','台儿庄区','370401'),('370406','山亭区','370401'),('370481','滕州市','370400'),('370500','东营市','370000'),('370501','市辖区','370500'),('370502','东营区','370501'),('370503','河口区','370501'),('370521','垦利县','370500'),('370522','利津县','370500'),('370523','广饶县','370500'),('370600','烟台市','370000'),('370601','市辖区','370600'),('370602','芝罘区','370601'),('370611','福山区','370601'),('370612','牟平区','370601'),('370613','莱山区','370601'),('370634','长岛县','370600'),('370681','龙口市','370600'),('370682','莱阳市','370600'),('370683','莱州市','370600'),('370684','蓬莱市','370600'),('370685','招远市','370600'),('370686','栖霞市','370600'),('370687','海阳市','370600'),('370700','潍坊市','370000'),('370701','市辖区','370700'),('370702','潍城区','370701'),('370703','寒亭区','370701'),('370704','坊子区','370701'),('370705','奎文区','370701'),('370724','临朐县','370700'),('370725','昌乐县','370700'),('370781','青州市','370700'),('370782','诸城市','370700'),('370783','寿光市','370700'),('370784','安丘市','370700'),('370785','高密市','370700'),('370786','昌邑市','370700'),('370800','济宁市','370000'),('370801','市辖区','370800'),('370802','市中区','370801'),('370811','任城区','370801'),('370826','微山县','370800'),('370827','鱼台县','370800'),('370828','金乡县','370800'),('370829','嘉祥县','370800'),('370830','汶上县','370800'),('370831','泗水县','370800'),('370832','梁山县','370800'),('370881','曲阜市','370800'),('370882','兖州市','370800'),('370883','邹城市','370800'),('370900','泰安市','370000'),('370901','岱岳区','370900'),('370902','泰山区','370900'),('370921','宁阳县','370900'),('370923','东平县','370900'),('370982','新泰市','370900'),('370983','肥城市','370900'),('371000','威海市','370000'),('371001','市辖区','371000'),('371002','环翠区','371001'),('371081','文登市','371000'),('371082','荣成市','371000'),('371083','乳山市','371000'),('371100','日照市','370000'),('371101','市辖区','371100'),('371102','东港区','371101'),('371103','岚山区','371101'),('371121','五莲县','371100'),('371122','莒县','371100'),('371200','莱芜市','370000'),('371201','市辖区','371200'),('371202','莱城区','371201'),('371203','钢城区','371201'),('371300','临沂市','370000'),('371301','市辖区','371300'),('371302','兰山区','371301'),('371311','罗庄区','371301'),('371312','河东区','371301'),('371321','沂南县','371300'),('371322','郯城县','371300'),('371323','沂水县','371300'),('371324','苍山县','371300'),('371325','费县','371300'),('371326','平邑县','371300'),('371327','莒南县','371300'),('371328','蒙阴县','371300'),('371329','临沭县','371300'),('371400','德州市','370000'),('371401','市辖区','371400'),('371402','德城区','371401'),('371421','陵县','371400'),('371422','宁津县','371400'),('371423','庆云县','371400'),('371424','临邑县','371400'),('371425','齐河县','371400'),('371426','平原县','371400'),('371427','夏津县','371400'),('371428','武城县','371400'),('371481','乐陵市','371400'),('371482','禹城市','371400'),('371500','聊城市','370000'),('371501','市辖区','371500'),('371502','东昌府区','371501'),('371521','阳谷县','371500'),('371522','莘县','371500'),('371523','茌平县','371500'),('371524','东阿县','371500'),('371525','冠县','371500'),('371526','高唐县','371500'),('371581','临清市','371500'),('371600','滨州市','370000'),('371601','市辖区','371600'),('371602','滨城区','371601'),('371621','惠民县','371600'),('371622','阳信县','371600'),('371623','无棣县','371600'),('371624','沾化县','371600'),('371625','博兴县','371600'),('371626','邹平县','371600'),('371700','菏泽市','370000'),('371701','市辖区','371700'),('371702','牡丹区','371701'),('371721','曹县','371700'),('371722','单县','371700'),('371723','成武县','371700'),('371724','巨野县','371700'),('371725','郓城县','371700'),('371726','鄄城县','371700'),('371727','定陶县','371700'),('371728','东明县','371700'),('410000','河南省','0'),('410100','郑州市','410000'),('410101','金水区','410100'),('410102','中原区','410100'),('410103','二七区','410100'),('410104','管城回族区','410100'),('410106','上街区','410100'),('410108','惠济区','410100'),('410122','中牟县','410100'),('410181','巩义市','410100'),('410182','荥阳市','410100'),('410183','新密市','410100'),('410184','新郑市','410100'),('410185','登封市','410100'),('410200','开封市','410000'),('410201','市辖区','410200'),('410202','龙亭区','410201'),('410203','顺河回族区','410201'),('410204','鼓楼区','410201'),('410205','禹王台区','410201'),('410211','金明区','410201'),('410221','杞县','410200'),('410222','通许县','410200'),('410223','尉氏县','410200'),('410224','开封县','410200'),('410225','兰考县','410200'),('410300','洛阳市','410000'),('410301','市辖区','410300'),('410302','老城区','410301'),('410303','西工区','410301'),('410304','廛河回族区','410301'),('410305','涧西区','410301'),('410306','吉利区','410301'),('410307','洛龙区','410301'),('410322','孟津县','410300'),('410323','新安县','410300'),('410324','栾川县','410300'),('410325','嵩县','410300'),('410326','汝阳县','410300'),('410327','宜阳县','410300'),('410328','洛宁县','410300'),('410329','伊川县','410300'),('410381','偃师市','410300'),('410400','平顶山市','410000'),('410401','市辖区','410400'),('410402','新华区','410401'),('410403','卫东区','410401'),('410404','石龙区','410401'),('410411','湛河区','410401'),('410421','宝丰县','410400'),('410422','叶县','410400'),('410423','鲁山县','410400'),('410425','郏县','410400'),('410481','舞钢市','410400'),('410482','汝州市','410400'),('410500','安阳市','410000'),('410501','市辖区','410500'),('410502','文峰区','410501'),('410503','北关区','410501'),('410505','殷都区','410501'),('410506','龙安区','410501'),('410522','安阳县','410500'),('410523','汤阴县','410500'),('410526','滑县','410500'),('410527','内黄县','410500'),('410581','林州市','410500'),('410600','鹤壁市','410000'),('410601','市辖区','410600'),('410602','鹤山区','410601'),('410603','山城区','410601'),('410611','淇滨区','410601'),('410621','浚县','410600'),('410622','淇县','410600'),('410700','新乡市','410000'),('410701','市辖区','410700'),('410702','红旗区','410700'),('410703','卫滨区','410700'),('410704','凤泉区','410700'),('410711','牧野区','410700'),('410721','新乡县','410700'),('410724','获嘉县','410700'),('410725','原阳县','410700'),('410726','延津县','410700'),('410727','封丘县','410700'),('410728','长垣县','410700'),('410781','卫辉市','410700'),('410782','辉县市','410700'),('410800','焦作市','410000'),('410801','市辖区','410800'),('410802','解放区','410801'),('410803','中站区','410801'),('410804','马村区','410801'),('410811','山阳区','410801'),('410821','修武县','410800'),('410822','博爱县','410800'),('410823','武陟县','410800'),('410825','温县','410800'),('410882','沁阳市','410800'),('410883','孟州市','410800'),('410900','濮阳市','410000'),('410901','市辖区','410900'),('410902','华龙区','410901'),('410922','清丰县','410900'),('410923','南乐县','410900'),('410926','范县','410900'),('410927','台前县','410900'),('410928','濮阳县','410900'),('411000','许昌市','410000'),('411001','市辖区','411000'),('411002','魏都区','411001'),('411023','许昌县','411000'),('411024','鄢陵县','411000'),('411025','襄城县','411000'),('411081','禹州市','411000'),('411082','长葛市','411000'),('411100','漯河市','410000'),('411101','召陵区','411100'),('411102','源汇区','411100'),('411103','郾城区','411100'),('411121','舞阳县','411100'),('411122','临颍县','411100'),('411200','三门峡市','410000'),('411201','市辖区','411200'),('411202','湖滨区','411201'),('411221','渑池县','411200'),('411222','陕县','411200'),('411224','卢氏县','411200'),('411281','义马市','411200'),('411282','灵宝市','411200'),('411300','南阳市','410000'),('411301','市辖区','411300'),('411302','宛城区','411301'),('411303','卧龙区','411301'),('411321','南召县','411300'),('411322','方城县','411300'),('411323','西峡县','411300'),('411324','镇平县','411300'),('411325','内乡县','411300'),('411326','淅川县','411300'),('411327','社旗县','411300'),('411328','唐河县','411300'),('411329','新野县','411300'),('411330','桐柏县','411300'),('411381','邓州市','411300'),('411400','商丘市','410000'),('411401','市辖区','411400'),('411402','梁园区','411400'),('411403','睢阳区','411400'),('411421','民权县','411400'),('411422','睢县','411400'),('411423','宁陵县','411400'),('411424','柘城县','411400'),('411425','虞城县','411400'),('411426','夏邑县','411400'),('411481','永城市','411400'),('411482','新区','411400'),('411500','信阳市','410000'),('411501','市辖区','411500'),('411502','浉河区','411501'),('411503','平桥区','411501'),('411521','罗山县','411500'),('411522','光山县','411500'),('411523','新县','411500'),('411524','商城县','411500'),('411525','固始县','411500'),('411526','潢川县','411500'),('411527','淮滨县','411500'),('411528','息县','411500'),('411600','周口市','410000'),('411601','市辖区','411600'),('411602','川汇区','411601'),('411621','扶沟县','411600'),('411622','西华县','411600'),('411623','商水县','411600'),('411624','沈丘县','411600'),('411625','郸城县','411600'),('411626','淮阳县','411600'),('411627','太康县','411600'),('411628','鹿邑县','411600'),('411681','项城市','411600'),('411700','驻马店市','410000'),('411701','市辖区','411700'),('411702','驿城区','411701'),('411721','西平县','411700'),('411722','上蔡县','411700'),('411723','平舆县','411700'),('411724','正阳县','411700'),('411725','确山县','411700'),('411726','泌阳县','411700'),('411727','汝南县','411700'),('411728','遂平县','411700'),('411729','新蔡县','411700'),('411800','济源市','410000'),('411801','市辖区','411800'),('420000','湖北省','0'),('420100','武汉市','420000'),('420101','市辖区','420100'),('420102','江岸区','420101'),('420103','江汉区','420101'),('420104','硚口区','420101'),('420105','汉阳区','420101'),('420106','武昌区','420101'),('420107','青山区','420101'),('420111','洪山区','420101'),('420112','东西湖区','420101'),('420113','汉南区','420101'),('420114','蔡甸区','420101'),('420115','江夏区','420101'),('420116','黄陂区','420101'),('420117','新洲区','420100'),('420200','黄石市','420000'),('420201','市辖区','420200'),('420202','黄石港区','420201'),('420203','西塞山区','420201'),('420204','下陆区','420201'),('420205','铁山区','420201'),('420222','阳新县','420200'),('420281','大冶市','420200'),('420300','十堰市','420000'),('420301','市辖区','420300'),('420302','茅箭区','420301'),('420303','张湾区','420301'),('420321','郧县','420300'),('420322','郧西县','420300'),('420323','竹山县','420300'),('420324','竹溪县','420300'),('420325','房县','420300'),('420381','丹江口市','420300'),('420500','宜昌市','420000'),('420501','市辖区','420500'),('420502','西陵区','420501'),('420503','伍家岗区','420501'),('420504','点军区','420501'),('420505','猇亭区','420501'),('420506','夷陵区','420501'),('420525','远安县','420500'),('420526','兴山县','420500'),('420527','秭归县','420500'),('420528','长阳土家族自治县','420500'),('420529','五峰土家族自治县','420500'),('420581','宜都市','420500'),('420582','当阳市','420500'),('420583','枝江市','420500'),('420600','襄阳市','420000'),('420601','市辖区','420600'),('420602','襄城区','420601'),('420606','樊城区','420601'),('420607','襄州区','420601'),('420624','南漳县','420600'),('420625','谷城县','420600'),('420626','保康县','420600'),('420682','老河口市','420600'),('420683','枣阳市','420600'),('420684','宜城市','420600'),('420700','鄂州市','420000'),('420701','市辖区','420700'),('420702','梁子湖区','420701'),('420703','华容区','420701'),('420704','鄂城区','420701'),('420800','荆门市','420000'),('420801','市辖区','420800'),('420802','东宝区','420801'),('420804','掇刀区','420801'),('420821','京山县','420800'),('420822','沙洋县','420800'),('420881','钟祥市','420800'),('420900','孝感市','420000'),('420901','市辖区','420900'),('420902','孝南区','420901'),('420921','孝昌县','420900'),('420922','大悟县','420900'),('420923','云梦县','420900'),('420981','应城市','420900'),('420982','安陆市','420900'),('420984','汉川市','420900'),('421000','荆州市','420000'),('421001','市辖区','421000'),('421002','沙市区','421001'),('421003','荆州区','421001'),('421022','公安县','421000'),('421023','监利县','421000'),('421024','江陵县','421000'),('421081','石首市','421000'),('421083','洪湖市','421000'),('421087','松滋市','421000'),('421100','黄冈市','420000'),('421101','市辖区','421100'),('421102','黄州区','421101'),('421121','团风县','421100'),('421122','红安县','421100'),('421123','罗田县','421100'),('421124','英山县','421100'),('421125','浠水县','421100'),('421126','蕲春县','421100'),('421127','黄梅县','421100'),('421181','麻城市','421100'),('421182','武穴市','421100'),('421200','咸宁市','420000'),('421201','市辖区','421200'),('421202','咸安区','421201'),('421221','嘉鱼县','421200'),('421222','通城县','421200'),('421223','崇阳县','421200'),('421224','通山县','421200'),('421281','赤壁市','421200'),('421300','随州市','420000'),('421301','市辖区','421300'),('421302','曾都区','421301'),('421381','广水市','421300'),('422800','恩施土家族苗族自治州','420000'),('422801','恩施市','422800'),('422802','利川市','422800'),('422822','建始县','422800'),('422823','巴东县','422800'),('422825','宣恩县','422800'),('422826','咸丰县','422800'),('422827','来凤县','422800'),('422828','鹤峰县','422800'),('429000','省直辖行政单位','420000'),('429004','仙桃市','429000'),('429005','潜江市','429000'),('429006','天门市','429000'),('429021','神农架林区','429000'),('430000','湖南省','0'),('430100','长沙市','430000'),('430101','市辖区','430100'),('430102','芙蓉区','430101'),('430103','天心区','430101'),('430104','岳麓区','430101'),('430105','开福区','430101'),('430111','雨花区','430101'),('430121','长沙县','430100'),('430122','望城县','430100'),('430124','宁乡县','430100'),('430181','浏阳市','430100'),('430200','株洲市','430000'),('430201','市辖区','430200'),('430202','荷塘区','430201'),('430203','芦淞区','430201'),('430204','石峰区','430201'),('430211','天元区','430201'),('430221','株洲县','430200'),('430223','攸县','430200'),('430224','茶陵县','430200'),('430225','炎陵县','430200'),('430281','醴陵市','430200'),('430300','湘潭市','430000'),('430301','市辖区','430300'),('430302','雨湖区','430301'),('430304','岳塘区','430301'),('430321','湘潭县','430300'),('430381','湘乡市','430300'),('430382','韶山市','430300'),('430400','衡阳市','430000'),('430401','市辖区','430400'),('430405','珠晖区','430401'),('430406','雁峰区','430401'),('430407','石鼓区','430401'),('430408','蒸湘区','430401'),('430412','南岳区','430401'),('430421','衡阳县','430400'),('430422','衡南县','430400'),('430423','衡山县','430400'),('430424','衡东县','430400'),('430426','祁东县','430400'),('430481','耒阳市','430400'),('430482','常宁市','430400'),('430500','邵阳市','430000'),('430501','市辖区','430500'),('430502','双清区','430501'),('430503','大祥区','430501'),('430511','北塔区','430501'),('430521','邵东县','430500'),('430522','新邵县','430500'),('430523','邵阳县','430500'),('430524','隆回县','430500'),('430525','洞口县','430500'),('430527','绥宁县','430500'),('430528','新宁县','430500'),('430529','城步苗族自治县','430500'),('430581','武冈市','430500'),('430600','岳阳市','430000'),('430601','市辖区','430600'),('430602','岳阳楼区','430601'),('430603','云溪区','430601'),('430611','君山区','430601'),('430621','岳阳县','430600'),('430623','华容县','430600'),('430624','湘阴县','430600'),('430626','平江县','430600'),('430681','汨罗市','430600'),('430682','临湘市','430600'),('430700','常德市','430000'),('430701','市辖区','430700'),('430702','武陵区','430701'),('430703','鼎城区','430701'),('430721','安乡县','430700'),('430722','汉寿县','430700'),('430723','澧县','430700'),('430724','临澧县','430700'),('430725','桃源县','430700'),('430726','石门县','430700'),('430781','津市市','430700'),('430800','张家界市','430000'),('430801','市辖区','430800'),('430802','永定区','430801'),('430811','武陵源区','430801'),('430821','慈利县','430800'),('430822','桑植县','430800'),('430900','益阳市','430000'),('430901','市辖区','430900'),('430902','资阳区','430901'),('430903','赫山区','430901'),('430921','南县','430900'),('430922','桃江县','430900'),('430923','安化县','430900'),('430981','沅江市','430900'),('431000','郴州市','430000'),('431001','市辖区','431000'),('431002','北湖区','431001'),('431003','苏仙区','431001'),('431021','桂阳县','431000'),('431022','宜章县','431000'),('431023','永兴县','431000'),('431024','嘉禾县','431000'),('431025','临武县','431000'),('431026','汝城县','431000'),('431027','桂东县','431000'),('431028','安仁县','431000'),('431081','资兴市','431000'),('431100','永州市','430000'),('431101','市辖区','431100'),('431102','零陵区','431101'),('431103','冷水滩区','431101'),('431121','祁阳县','431100'),('431122','东安县','431100'),('431123','双牌县','431100'),('431124','道县','431100'),('431125','江永县','431100'),('431126','宁远县','431100'),('431127','蓝山县','431100'),('431128','新田县','431100'),('431129','江华瑶族自治县','431100'),('431200','怀化市','430000'),('431201','市辖区','431200'),('431202','鹤城区','431201'),('431221','中方县','431200'),('431222','沅陵县','431200'),('431223','辰溪县','431200'),('431224','溆浦县','431200'),('431225','会同县','431200'),('431226','麻阳苗族自治县','431200'),('431227','新晃侗族自治县','431200'),('431228','芷江侗族自治县','431200'),('431229','靖州苗族侗族自治县','431200'),('431230','通道侗族自治县','431200'),('431281','洪江市','431200'),('431300','娄底市','430000'),('431301','市辖区','431300'),('431302','娄星区','431301'),('431321','双峰县','431300'),('431322','新化县','431300'),('431381','冷水江市','431300'),('431382','涟源市','431300'),('433100','湘西土家族苗族自治州','430000'),('433101','吉首市','433100'),('433122','泸溪县','433100'),('433123','凤凰县','433100'),('433124','花垣县','433100'),('433125','保靖县','433100'),('433126','古丈县','433100'),('433127','永顺县','433100'),('433130','龙山县','433100'),('440000','广东省','0'),('440100','广州市','440000'),('440101','市辖区','440100'),('440103','荔湾区','440101'),('440104','越秀区','440101'),('440105','海珠区','440101'),('440106','天河区','440101'),('440111','白云区','440101'),('440112','黄埔区','440101'),('440113','番禺区','440101'),('440114','花都区','440101'),('440115','南沙区','440101'),('440116','萝岗区','440101'),('440183','增城市','440100'),('440184','从化市','440100'),('440200','韶关市','440000'),('440201','市辖区','440200'),('440203','武江区','440201'),('440204','浈江区','440201'),('440205','曲江区','440201'),('440222','始兴县','440200'),('440224','仁化县','440200'),('440229','翁源县','440200'),('440232','乳源瑶族自治县','440200'),('440233','新丰县','440200'),('440281','乐昌市','440200'),('440282','南雄市','440200'),('440300','深圳市','440000'),('440301','市辖区','440300'),('440303','罗湖区','440301'),('440304','福田区','440301'),('440305','南山区','440301'),('440306','宝安区','440301'),('440307','龙岗区','440301'),('440308','盐田区','440301'),('440400','珠海市','440000'),('440401','市辖区','440400'),('440402','香洲区','440401'),('440403','斗门区','440401'),('440404','金湾区','440401'),('440500','汕头市','440000'),('440501','市辖区','440500'),('440507','龙湖区','440501'),('440511','金平区','440501'),('440512','濠江区','440501'),('440513','潮阳区','440501'),('440514','潮南区','440501'),('440515','澄海区','440501'),('440523','南澳县','440500'),('440600','佛山市','440000'),('440601','市辖区','440600'),('440604','禅城区','440600'),('440605','南海区','440600'),('440606','顺德区','440600'),('440607','三水区','440600'),('440608','高明区','440600'),('440700','江门市','440000'),('440701','市辖区','440700'),('440703','蓬江区','440701'),('440704','江海区','440701'),('440705','新会区','440701'),('440781','台山市','440700'),('440783','开平市','440700'),('440784','鹤山市','440700'),('440785','恩平市','440700'),('440800','湛江市','440000'),('440801','市辖区','440800'),('440802','赤坎区','440801'),('440803','霞山区','440801'),('440804','坡头区','440801'),('440811','麻章区','440801'),('440823','遂溪县','440800'),('440825','徐闻县','440800'),('440881','廉江市','440800'),('440882','雷州市','440800'),('440883','吴川市','440800'),('440900','茂名市','440000'),('440901','市辖区','440900'),('440902','茂南区','440901'),('440903','茂港区','440901'),('440923','电白县','440900'),('440981','高州市','440900'),('440982','化州市','440900'),('440983','信宜市','440900'),('441200','肇庆市','440000'),('441201','市辖区','441200'),('441202','端州区','441201'),('441203','鼎湖区','441201'),('441223','广宁县','441200'),('441224','怀集县','441200'),('441225','封开县','441200'),('441226','德庆县','441200'),('441283','高要市','441200'),('441284','四会市','441200'),('441300','惠州市','440000'),('441301','市辖区','441300'),('441302','惠城区','441301'),('441303','惠阳区','441301'),('441322','博罗县','441300'),('441323','惠东县','441300'),('441324','龙门县','441300'),('441400','梅州市','440000'),('441401','市辖区','441400'),('441402','梅江区','441401'),('441421','梅县','441400'),('441422','大埔县','441400'),('441423','丰顺县','441400'),('441424','五华县','441400'),('441426','平远县','441400'),('441427','蕉岭县','441400'),('441481','兴宁市','441400'),('441500','汕尾市','440000'),('441501','市辖区','441500'),('441502','城区','441501'),('441521','海丰县','441500'),('441523','陆河县','441500'),('441581','陆丰市','441500'),('441600','河源市','440000'),('441601','市辖区','441600'),('441602','源城区','441601'),('441621','紫金县','441600'),('441622','龙川县','441600'),('441623','连平县','441600'),('441624','和平县','441600'),('441625','东源县','441600'),('441700','阳江市','440000'),('441701','市辖区','441700'),('441702','江城区','441701'),('441721','阳西县','441700'),('441723','阳东县','441700'),('441781','阳春市','441700'),('441800','清远市','440000'),('441801','市辖区','441800'),('441802','清城区','441801'),('441821','佛冈县','441800'),('441823','阳山县','441800'),('441825','连山壮族瑶族自治县','441800'),('441826','连南瑶族自治县','441800'),('441827','清新县','441800'),('441881','英德市','441800'),('441882','连州市','441800'),('441900','东莞市','440000'),('442000','中山市','440000'),('445100','潮州市','440000'),('445101','市辖区','445100'),('445102','湘桥区','445101'),('445121','潮安区','445100'),('445122','饶平县','445100'),('445200','揭阳市','440000'),('445201','市辖区','445200'),('445202','榕城区','445201'),('445221','揭东县','445200'),('445222','揭西县','445200'),('445224','惠来县','445200'),('445281','普宁市','445200'),('445300','云浮市','440000'),('445301','市辖区','445300'),('445302','云城区','445301'),('445321','新兴县','445300'),('445322','郁南县','445300'),('445323','云安县','445300'),('445381','罗定市','445300'),('450000','广西壮族自治区','0'),('450100','南宁市','450000'),('450101','市辖区','450100'),('450102','兴宁区','450101'),('450103','青秀区','450101'),('450105','江南区','450101'),('450107','西乡塘区','450101'),('450108','良庆区','450101'),('450109','邕宁区','450101'),('450122','武鸣县','450100'),('450123','隆安县','450100'),('450124','马山县','450100'),('450125','上林县','450100'),('450126','宾阳县','450100'),('450127','横县','450100'),('450200','柳州市','450000'),('450201','市辖区','450200'),('450202','城中区','450201'),('450203','鱼峰区','450201'),('450204','柳南区','450201'),('450205','柳北区','450201'),('450221','柳江县','450200'),('450222','柳城县','450200'),('450223','鹿寨县','450200'),('450224','融安县','450200'),('450225','融水苗族自治县','450200'),('450226','三江侗族自治县','450200'),('450300','桂林市','450000'),('450301','市辖区','450300'),('450302','秀峰区','450301'),('450303','叠彩区','450301'),('450304','象山区','450301'),('450305','七星区','450301'),('450311','雁山区','450301'),('450321','阳朔县','450300'),('450322','临桂区','450300'),('450323','灵川县','450300'),('450324','全州县','450300'),('450325','兴安县','450300'),('450326','永福县','450300'),('450327','灌阳县','450300'),('450328','龙胜各族自治县','450300'),('450329','资源县','450300'),('450330','平乐县','450300'),('450331','荔浦县','450300'),('450332','恭城瑶族自治县','450300'),('450400','梧州市','450000'),('450401','市辖区','450400'),('450403','万秀区','450401'),('450404','蝶山区','450401'),('450405','长洲区','450401'),('450421','苍梧县','450400'),('450422','藤县','450400'),('450423','蒙山县','450400'),('450481','岑溪市','450400'),('450500','北海市','450000'),('450501','市辖区','450500'),('450502','海城区','450501'),('450503','银海区','450501'),('450512','铁山港区','450501'),('450521','合浦县','450500'),('450600','防城港市','450000'),('450601','市辖区','450600'),('450602','港口区','450601'),('450603','防城区','450601'),('450621','上思县','450600'),('450681','东兴市','450600'),('450700','钦州市','450000'),('450701','市辖区','450700'),('450702','钦南区','450700'),('450703','钦北区','450700'),('450721','灵山县','450700'),('450722','浦北县','450700'),('450800','贵港市','450000'),('450801','市辖区','450800'),('450802','港北区','450801'),('450803','港南区','450801'),('450804','覃塘区','450801'),('450821','平南县','450800'),('450881','桂平市','450800'),('450900','玉林市','450000'),('450901','市辖区','450900'),('450902','玉州区','450901'),('450921','容县','450900'),('450922','陆川县','450900'),('450923','博白县','450900'),('450924','兴业县','450900'),('450981','北流市','450900'),('451000','百色市','450000'),('451001','市辖区','451000'),('451002','右江区','451001'),('451021','田阳县','451000'),('451022','田东县','451000'),('451023','平果县','451000'),('451024','德保县','451000'),('451025','靖西县','451000'),('451026','那坡县','451000'),('451027','凌云县','451000'),('451028','乐业县','451000'),('451029','田林县','451000'),('451030','西林县','451000'),('451031','隆林各族自治县','451000'),('451100','贺州市','450000'),('451101','市辖区','451100'),('451102','八步区','451101'),('451121','昭平县','451100'),('451122','钟山县','451100'),('451123','富川瑶族自治县','451100'),('451200','河池市','450000'),('451201','市辖区','451200'),('451202','金城江区','451201'),('451221','南丹县','451200'),('451222','天峨县','451200'),('451223','凤山县','451200'),('451224','东兰县','451200'),('451225','罗城仫佬族自治县','451200'),('451226','环江毛南族自治县','451200'),('451227','巴马瑶族自治县','451200'),('451228','都安瑶族自治县','451200'),('451229','大化瑶族自治县','451200'),('451281','宜州市','451200'),('451300','来宾市','450000'),('451301','市辖区','451300'),('451302','兴宾区','451301'),('451321','忻城县','451300'),('451322','象州县','451300'),('451323','武宣县','451300'),('451324','金秀瑶族自治县','451300'),('451381','合山市','451300'),('451400','崇左市','450000'),('451401','市辖区','451400'),('451402','江洲区','451401'),('451421','扶绥县','451400'),('451422','宁明县','451400'),('451423','龙州县','451400'),('451424','大新县','451400'),('451425','天等县','451400'),('451481','凭祥市','451400'),('460000','海南省','0'),('460100','海口市','460000'),('460101','市辖区','460100'),('460105','秀英区','460101'),('460106','龙华区','460101'),('460107','琼山区','460101'),('460108','美兰区','460101'),('460200','三亚市','460000'),('460201','市辖区','460200'),('469000','省直辖县级行政单位','460000'),('469001','五指山市','469000'),('469002','琼海市','469000'),('469003','儋州市','469000'),('469005','文昌市','469000'),('469006','万宁市','469000'),('469007','东方市','469000'),('469025','定安县','469000'),('469026','屯昌县','469000'),('469027','澄迈县','469000'),('469028','临高县','469000'),('469030','白沙黎族自治县','469000'),('469031','昌江黎族自治县','469000'),('469033','乐东黎族自治县','469000'),('469034','陵水黎族自治县','469000'),('469035','保亭黎族苗族自治县','469000'),('469036','琼中黎族苗族自治县','469000'),('469037','西沙群岛','469000'),('469038','南沙群岛','469000'),('469039','中沙群岛的岛礁及其海域','469000'),('500000','重庆市','0'),('500100','万州区','500000'),('500101','万州区','500100'),('500200','涪陵区','500000'),('500201','涪陵区','500200'),('500300','渝中区','500000'),('500301','渝中区','500300'),('500400','大渡口区','500000'),('500401','大渡口区','500400'),('500500','江北区','500000'),('500501','江北区','500500'),('500600','沙坪坝区','500000'),('500601','沙坪坝区','500600'),('500700','九龙坡区','500000'),('500701','九龙坡区','500700'),('500800','南岸区','500000'),('500801','南岸区','500800'),('500900','北碚区','500000'),('500901','北碚区','500900'),('501000','万盛区','500000'),('501001','万盛区','501000'),('501100','双桥区','500000'),('501101','双桥区','501100'),('501200','渝北区','500000'),('501201','渝北区','501200'),('501300','巴南区','500000'),('501301','巴南区','501300'),('501400','黔江区','500000'),('501401','黔江区','501400'),('501500','长寿区','500000'),('501501','长寿区','501500'),('502200','綦江区','500000'),('502201','綦江区','502200'),('502300','潼南县','500000'),('502301','潼南县','502300'),('502400','铜梁县','500000'),('502401','铜梁县','502400'),('502500','大足区','500000'),('502501','大足区','502500'),('502600','荣昌县','500000'),('502601','荣昌县','502600'),('502700','璧山县','500000'),('502701','璧山县','502700'),('502800','梁平县','500000'),('502801','梁平县','502800'),('502900','城口县','500000'),('502901','城口县','502900'),('503000','丰都县','500000'),('503001','丰都县','503000'),('503100','垫江县','500000'),('503101','垫江县','503100'),('503200','武隆县','500000'),('503201','武隆县','503200'),('503300','忠县','500000'),('503301','忠县','503300'),('503400','开县','500000'),('503401','开县','503400'),('503500','云阳县','500000'),('503501','云阳县','503500'),('503600','奉节县','500000'),('503601','奉节县','503600'),('503700','巫山县','500000'),('503701','巫山县','503700'),('503800','巫溪县','500000'),('503801','巫溪县','503800'),('504000','石柱县','500000'),('504001','石柱县','504000'),('504100','秀山县','500000'),('504101','秀山县','504100'),('504200','酉阳县','500000'),('504201','酉阳县','504200'),('504300','彭水县','500000'),('504301','彭水县','504300'),('508100','江津区','500000'),('508101','江津区','508100'),('508200','合川区','500000'),('508201','合川区','508200'),('508300','永川区','500000'),('508301','永川区','508300'),('508400','南川区','500000'),('508401','南川区','508400'),('510000','四川省','0'),('510100','成都市','510000'),('510101','市辖区','510100'),('510104','锦江区','510101'),('510105','青羊区','510101'),('510106','金牛区','510101'),('510107','武侯区','510101'),('510108','成华区','510101'),('510112','龙泉驿区','510100'),('510113','青白江区','510101'),('510114','新都区','510101'),('510115','温江区','510101'),('510121','金堂县','510100'),('510122','双流县','510100'),('510124','郫县','510100'),('510129','大邑县','510100'),('510131','蒲江县','510100'),('510132','新津县','510100'),('510181','都江堰市','510100'),('510182','彭州市','510100'),('510183','邛崃市','510100'),('510184','崇州市','510100'),('510300','自贡市','510000'),('510301','市辖区','510300'),('510302','自流井区','510301'),('510303','贡井区','510301'),('510304','大安区','510301'),('510311','沿滩区','510301'),('510321','荣县','510300'),('510322','富顺县','510300'),('510400','攀枝花市','510000'),('510401','市辖区','510400'),('510402','东区','510401'),('510403','西区','510401'),('510411','仁和区','510401'),('510421','米易县','510400'),('510422','盐边县','510400'),('510500','泸州市','510000'),('510501','市辖区','510500'),('510502','江阳区','510501'),('510503','纳溪区','510501'),('510504','龙马潭区','510501'),('510521','泸县','510500'),('510522','合江县','510500'),('510524','叙永县','510500'),('510525','古蔺县','510500'),('510600','德阳市','510000'),('510601','市辖区','510600'),('510603','旌阳区','510601'),('510623','中江县','510600'),('510626','罗江县','510600'),('510681','广汉市','510600'),('510682','什邡市','510600'),('510683','绵竹市','510600'),('510700','绵阳市','510000'),('510701','市辖区','510700'),('510703','涪城区','510701'),('510704','游仙区','510701'),('510722','三台县','510700'),('510723','盐亭县','510700'),('510724','安县','510700'),('510725','梓潼县','510700'),('510726','北川羌族自治县','510700'),('510727','平武县','510700'),('510781','江油市','510700'),('510800','广元市','510000'),('510801','市辖区','510800'),('510802','市中区','510801'),('510811','元坝区','510801'),('510812','朝天区','510801'),('510821','旺苍县','510800'),('510822','青川县','510800'),('510823','剑阁县','510800'),('510824','苍溪县','510800'),('510900','遂宁市','510000'),('510901','市辖区','510900'),('510903','船山区','510901'),('510904','安居区','510901'),('510921','蓬溪县','510900'),('510922','射洪县','510900'),('510923','大英县','510900'),('511000','内江市','510000'),('511001','市辖区','511000'),('511002','市中区','511001'),('511011','东兴区','511001'),('511024','威远县','511000'),('511025','资中县','511000'),('511028','隆昌县','511000'),('511100','乐山市','510000'),('511101','市辖区','511100'),('511102','市中区','511101'),('511111','沙湾区','511101'),('511112','五通桥区','511101'),('511113','金口河区','511101'),('511123','犍为县','511100'),('511124','井研县','511100'),('511126','夹江县','511100'),('511129','沐川县','511100'),('511132','峨边彝族自治县','511100'),('511133','马边彝族自治县','511100'),('511181','峨眉山市','511100'),('511300','南充市','510000'),('511301','市辖区','511300'),('511302','顺庆区','511301'),('511303','高坪区','511301'),('511304','嘉陵区','511301'),('511321','南部县','511300'),('511322','营山县','511300'),('511323','蓬安县','511300'),('511324','仪陇县','511300'),('511325','西充县','511300'),('511381','阆中市','511300'),('511400','眉山市','510000'),('511401','市辖区','511400'),('511402','东坡区','511401'),('511421','仁寿县','511400'),('511422','彭山县','511400'),('511423','洪雅县','511400'),('511424','丹棱县','511400'),('511425','青神县','511400'),('511500','宜宾市','510000'),('511501','市辖区','511500'),('511502','翠屏区','511500'),('511521','宜宾县','511500'),('511522','南溪县','511500'),('511523','江安县','511500'),('511524','长宁县','511500'),('511525','高县','511500'),('511526','珙县','511500'),('511527','筠连县','511500'),('511528','兴文县','511500'),('511529','屏山县','511500'),('511600','广安市','510000'),('511601','市辖区','511600'),('511602','广安区','511601'),('511621','岳池县','511600'),('511622','武胜县','511600'),('511623','邻水县','511600'),('511681','华蓥市','511600'),('511682','广安区','511600'),('511700','达州市','510000'),('511701','市辖区','511700'),('511702','通川区','511701'),('511721','达川区','511700'),('511722','宣汉县','511700'),('511723','开江县','511700'),('511724','大竹县','511700'),('511725','渠县','511700'),('511781','万源市','511700'),('511800','雅安市','510000'),('511801','雨城区','511800'),('511802','雨城区','511801'),('511821','名山区','511800'),('511822','荥经县','511800'),('511823','汉源县','511800'),('511824','石棉县','511800'),('511825','天全县','511800'),('511826','芦山县','511800'),('511827','宝兴县','511800'),('511900','巴中市','510000'),('511901','市辖区','511900'),('511902','巴州区','511901'),('511921','通江县','511900'),('511922','南江县','511900'),('511923','平昌县','511900'),('512000','资阳市','510000'),('512001','市辖区','512000'),('512002','雁江区','512001'),('512021','安岳县','512000'),('512022','乐至县','512000'),('512081','简阳市','512000'),('513200','阿坝藏族羌族自治州','510000'),('513221','汶川县','513200'),('513222','理县','513200'),('513223','茂县','513200'),('513224','松潘县','513200'),('513225','九寨沟县','513200'),('513226','金川县','513200'),('513227','小金县','513200'),('513228','黑水县','513200'),('513229','马尔康县','513200'),('513230','壤塘县','513200'),('513231','阿坝县','513200'),('513232','若尔盖县','513200'),('513233','红原县','513200'),('513300','甘孜藏族自治州','510000'),('513321','康定县','513300'),('513322','泸定县','513300'),('513323','丹巴县','513300'),('513324','九龙县','513300'),('513325','雅江县','513300'),('513326','道孚县','513300'),('513327','炉霍县','513300'),('513328','甘孜县','513300'),('513329','新龙县','513300'),('513330','德格县','513300'),('513331','白玉县','513300'),('513332','石渠县','513300'),('513333','色达县','513300'),('513334','理塘县','513300'),('513335','巴塘县','513300'),('513336','乡城县','513300'),('513337','稻城县','513300'),('513338','得荣县','513300'),('513400','凉山彝族自治州','510000'),('513401','西昌市','513400'),('513422','木里藏族自治县','513400'),('513423','盐源县','513400'),('513424','德昌县','513400'),('513425','会理县','513400'),('513426','会东县','513400'),('513427','宁南县','513400'),('513428','普格县','513400'),('513429','布拖县','513400'),('513430','金阳县','513400'),('513431','昭觉县','513400'),('513432','喜德县','513400'),('513433','冕宁县','513400'),('513434','越西县','513400'),('513435','甘洛县','513400'),('513436','美姑县','513400'),('513437','雷波县','513400'),('520000','贵州省','0'),('520100','贵阳市','520000'),('520101','市辖区','520100'),('520102','南明区','520101'),('520103','云岩区','520101'),('520111','花溪区','520101'),('520112','乌当区','520100'),('520113','白云区','520101'),('520114','小河区','520101'),('520121','开阳县','520100'),('520122','息烽县','520100'),('520123','修文县','520100'),('520181','清镇市','520100'),('520200','六盘水市','520000'),('520201','钟山区','520200'),('520203','六枝特区','520200'),('520221','水城县','520200'),('520222','盘县','520200'),('520300','遵义市','520000'),('520301','市辖区','520300'),('520302','红花岗区','520301'),('520303','汇川区','520301'),('520321','遵义县','520300'),('520322','桐梓县','520300'),('520323','绥阳县','520300'),('520324','正安县','520300'),('520325','道真仡佬族苗族自治县','520300'),('520326','务川仡佬族苗族自治县','520300'),('520327','凤冈县','520300'),('520328','湄潭县','520300'),('520329','余庆县','520300'),('520330','习水县','520300'),('520381','赤水市','520300'),('520382','仁怀市','520300'),('520400','安顺市','520000'),('520401','市辖区','520400'),('520402','西秀区','520401'),('520421','平坝县','520400'),('520422','普定县','520400'),('520423','镇宁布依族苗族自治县','520400'),('520424','关岭布依族苗族自治县','520400'),('520425','紫云苗族布依族自治县','520400'),('522200','铜仁市','520000'),('522201','碧江区','522200'),('522222','江口县','522200'),('522223','玉屏侗族自治县','522200'),('522224','石阡县','522200'),('522225','思南县','522200'),('522226','印江土家族苗族自治县','522200'),('522227','德江县','522200'),('522228','沿河土家族自治县','522200'),('522229','松桃苗族自治县','522200'),('522230','万山区','522200'),('522300','黔西南布依族苗族自治州','520000'),('522301','兴义市','522300'),('522322','兴仁县','522300'),('522323','普安县','522300'),('522324','晴隆县','522300'),('522325','贞丰县','522300'),('522326','望谟县','522300'),('522327','册亨县','522300'),('522328','安龙县','522300'),('522400','毕节市','520000'),('522401','七星关区','522400'),('522422','大方县','522400'),('522423','黔西县','522400'),('522424','金沙县','522400'),('522425','织金县','522400'),('522426','纳雍县','522400'),('522427','威宁彝族回族苗族自治县','522400'),('522428','赫章县','522400'),('522600','黔东南苗族侗族自治州','520000'),('522601','凯里市','522600'),('522622','黄平县','522600'),('522623','施秉县','522600'),('522624','三穗县','522600'),('522625','镇远县','522600'),('522626','岑巩县','522600'),('522627','天柱县','522600'),('522628','锦屏县','522600'),('522629','剑河县','522600'),('522630','台江县','522600'),('522631','黎平县','522600'),('522632','榕江县','522600'),('522633','从江县','522600'),('522634','雷山县','522600'),('522635','麻江县','522600'),('522636','丹寨县','522600'),('522700','黔南布依族苗族自治州','520000'),('522701','都匀市','522700'),('522702','福泉市','522700'),('522722','荔波县','522700'),('522723','贵定县','522700'),('522725','瓮安县','522700'),('522726','独山县','522700'),('522727','平塘县','522700'),('522728','罗甸县','522700'),('522729','长顺县','522700'),('522730','龙里县','522700'),('522731','惠水县','522700'),('522732','三都水族自治县','522700'),('530000','云南省','0'),('530100','昆明市','530000'),('530101','市辖区','530100'),('530102','五华区','530101'),('530103','盘龙区','530101'),('530111','官渡区','530101'),('530112','西山区','530101'),('530113','东川区','530101'),('530121','呈贡县','530100'),('530122','晋宁县','530100'),('530124','富民县','530100'),('530125','宜良县','530100'),('530126','石林彝族自治县','530100'),('530127','嵩明县','530100'),('530128','禄劝彝族苗族自治县','530100'),('530129','寻甸回族彝族自治县','530100'),('530181','安宁市','530100'),('530300','曲靖市','530000'),('530301','市辖区','530300'),('530302','麒麟区','530301'),('530321','马龙县','530300'),('530322','陆良县','530300'),('530323','师宗县','530300'),('530324','罗平县','530300'),('530325','富源县','530300'),('530326','会泽县','530300'),('530328','沾益县','530300'),('530381','宣威市','530300'),('530400','玉溪市','530000'),('530401','市辖区','530400'),('530402','红塔区','530401'),('530421','江川县','530400'),('530422','澄江县','530400'),('530423','通海县','530400'),('530424','华宁县','530400'),('530425','易门县','530400'),('530426','峨山彝族自治县','530400'),('530427','新平彝族傣族自治县','530400'),('530428','元江哈尼族彝族傣族自治县','530400'),('530500','保山市','530000'),('530501','市辖区','530500'),('530502','隆阳区','530500'),('530521','施甸县','530500'),('530522','腾冲县','530500'),('530523','龙陵县','530500'),('530524','昌宁县','530500'),('530600','昭通市','530000'),('530601','市辖区','530600'),('530602','昭阳区','530601'),('530621','鲁甸县','530600'),('530622','巧家县','530600'),('530623','盐津县','530600'),('530624','大关县','530600'),('530625','永善县','530600'),('530626','绥江县','530600'),('530627','镇雄县','530600'),('530628','彝良县','530600'),('530629','威信县','530600'),('530630','水富县','530600'),('530700','丽江市','530000'),('530701','市辖区','530700'),('530702','古城区','530701'),('530721','玉龙纳西族自治县','530700'),('530722','永胜县','530700'),('530723','华坪县','530700'),('530724','宁蒗彝族自治县','530700'),('530800','普洱市','530000'),('530801','市辖区','530800'),('530802','翠云区','530801'),('530821','宁洱哈尼族彝族自治县','530800'),('530822','墨江哈尼族自治县','530800'),('530823','景东彝族自治县','530800'),('530824','景谷傣族彝族自治县','530800'),('530825','镇沅彝族哈尼族拉祜族自治县','530800'),('530826','江城哈尼族彝族自治县','530800'),('530827','孟连傣族拉祜族佤族自治县','530800'),('530828','澜沧拉祜族自治县','530800'),('530829','西盟佤族自治县','530800'),('530900','临沧市','530000'),('530901','市辖区','530900'),('530902','临翔区','530901'),('530921','凤庆县','530900'),('530922','云县','530900'),('530923','永德县','530900'),('530924','镇康县','530900'),('530925','双江拉祜族佤族布朗族傣族自治县','530900'),('530926','耿马傣族佤族自治县','530900'),('530927','沧源佤族自治县','530900'),('532300','楚雄彝族自治州','530000'),('532301','楚雄市','532300'),('532322','双柏县','532300'),('532323','牟定县','532300'),('532324','南华县','532300'),('532325','姚安县','532300'),('532326','大姚县','532300'),('532327','永仁县','532300'),('532328','元谋县','532300'),('532329','武定县','532300'),('532331','禄丰县','532300'),('532500','红河哈尼族彝族自治州','530000'),('532501','个旧市','532500'),('532502','开远市','532500'),('532522','蒙自市','532500'),('532523','屏边苗族自治县','532500'),('532524','建水县','532500'),('532525','石屏县','532500'),('532526','弥勒市','532500'),('532527','泸西县','532500'),('532528','元阳县','532500'),('532529','红河县','532500'),('532530','金平苗族瑶族傣族自治县','532500'),('532531','绿春县','532500'),('532532','河口瑶族自治县','532500'),('532600','文山壮族苗族自治州','530000'),('532621','文山市','532600'),('532622','砚山县','532600'),('532623','西畴县','532600'),('532624','麻栗坡县','532600'),('532625','马关县','532600'),('532626','丘北县','532600'),('532627','广南县','532600'),('532628','富宁县','532600'),('532800','西双版纳傣族自治州','530000'),('532801','景洪市','532800'),('532822','勐海县','532800'),('532823','勐腊县','532800'),('532900','大理白族自治州','530000'),('532901','大理市','532900'),('532922','漾濞彝族自治县','532900'),('532923','祥云县','532900'),('532924','宾川县','532900'),('532925','弥渡县','532900'),('532926','南涧彝族自治县','532900'),('532927','巍山彝族回族自治县','532900'),('532928','永平县','532900'),('532929','云龙县','532900'),('532930','洱源县','532900'),('532931','剑川县','532900'),('532932','鹤庆县','532900'),('533100','德宏傣族景颇族自治州','530000'),('533102','瑞丽市','533100'),('533103','潞西市','533100'),('533122','梁河县','533100'),('533123','盈江县','533100'),('533124','陇川县','533100'),('533300','怒江傈僳族自治州','530000'),('533321','泸水县','533300'),('533323','福贡县','533300'),('533324','贡山独龙族怒族自治县','533300'),('533325','兰坪白族普米族自治县','533300'),('533400','迪庆藏族自治州','530000'),('533421','香格里拉县','533400'),('533422','德钦县','533400'),('533423','维西傈僳族自治县','533400'),('540000','西藏自治区','0'),('540100','拉萨市','540000'),('540101','市辖区','540100'),('540102','城关区','540101'),('540121','林周县','540100'),('540122','当雄县','540100'),('540123','尼木县','540100'),('540124','曲水县','540100'),('540125','堆龙德庆县','540100'),('540126','达孜县','540100'),('540127','墨竹工卡县','540100'),('542100','昌都地区','540000'),('542121','昌都县','542100'),('542122','江达县','542100'),('542123','贡觉县','542100'),('542124','类乌齐县','542100'),('542125','丁青县','542100'),('542126','察雅县','542100'),('542127','八宿县','542100'),('542128','左贡县','542100'),('542129','芒康县','542100'),('542132','洛隆县','542100'),('542133','边坝县','542100'),('542200','山南地区','540000'),('542221','乃东县','542200'),('542222','扎囊县','542200'),('542223','贡嘎县','542200'),('542224','桑日县','542200'),('542225','琼结县','542200'),('542226','曲松县','542200'),('542227','措美县','542200'),('542228','洛扎县','542200'),('542229','加查县','542200'),('542231','隆子县','542200'),('542232','错那县','542200'),('542233','浪卡子县','542200'),('542300','日喀则地区','540000'),('542301','日喀则市','542300'),('542322','南木林县','542300'),('542323','江孜县','542300'),('542324','定日县','542300'),('542325','萨迦县','542300'),('542326','拉孜县','542300'),('542327','昂仁县','542300'),('542328','谢通门县','542300'),('542329','白朗县','542300'),('542330','仁布县','542300'),('542331','康马县','542300'),('542332','定结县','542300'),('542333','仲巴县','542300'),('542334','亚东县','542300'),('542335','吉隆县','542300'),('542336','聂拉木县','542300'),('542337','萨嘎县','542300'),('542338','岗巴县','542300'),('542400','那曲地区','540000'),('542421','那曲县','542400'),('542422','嘉黎县','542400'),('542423','比如县','542400'),('542424','聂荣县','542400'),('542425','安多县','542400'),('542426','申扎县','542400'),('542427','索县','542400'),('542428','班戈县','542400'),('542429','巴青县','542400'),('542430','尼玛县','542400'),('542500','阿里地区','540000'),('542521','普兰县','542500'),('542522','札达县','542500'),('542523','噶尔县','542500'),('542524','日土县','542500'),('542525','革吉县','542500'),('542526','改则县','542500'),('542527','措勤县','542500'),('542600','林芝地区','540000'),('542621','林芝县','542600'),('542622','工布江达县','542600'),('542623','米林县','542600'),('542624','墨脱县','542600'),('542625','波密县','542600'),('542626','察隅县','542600'),('542627','朗县','542600'),('610000','陕西省','0'),('610100','西安市','610000'),('610101','长安区','610100'),('610102','新城区','610100'),('610103','碑林区','610100'),('610104','莲湖区','610100'),('610111','灞桥区','610100'),('610112','未央区','610100'),('610113','雁塔区','610100'),('610114','阎良区','610100'),('610115','临潼区','610100'),('610122','蓝田县','610100'),('610124','周至县','610100'),('610125','户县','610100'),('610126','高陵县','610100'),('610200','铜川市','610000'),('610201','市辖区','610200'),('610202','王益区','610201'),('610203','印台区','610201'),('610204','耀州区','610201'),('610222','宜君县','610200'),('610300','宝鸡市','610000'),('610301','市辖区','610300'),('610302','渭滨区','610301'),('610303','金台区','610301'),('610304','陈仓区','610301'),('610322','凤翔县','610300'),('610323','岐山县','610300'),('610324','扶风县','610300'),('610326','眉县','610300'),('610327','陇县','610300'),('610328','千阳县','610300'),('610329','麟游县','610300'),('610330','凤县','610300'),('610331','太白县','610300'),('610400','咸阳市','610000'),('610401','市辖区','610400'),('610402','秦都区','610401'),('610404','渭城区','610401'),('610422','三原县','610400'),('610423','泾阳县','610400'),('610424','乾县','610400'),('610425','礼泉县','610400'),('610426','永寿县','610400'),('610427','彬县','610400'),('610428','长武县','610400'),('610429','旬邑县','610400'),('610430','淳化县','610400'),('610431','武功县','610400'),('610481','兴平市','610400'),('610500','渭南市','610000'),('610501','市辖区','610500'),('610502','临渭区','610501'),('610521','华县','610500'),('610522','潼关县','610500'),('610523','大荔县','610500'),('610524','合阳县','610500'),('610525','澄城县','610500'),('610526','蒲城县','610500'),('610527','白水县','610500'),('610528','富平县','610500'),('610581','韩城市','610500'),('610582','华阴市','610500'),('610600','延安市','610000'),('610601','市辖区','610600'),('610602','宝塔区','610601'),('610621','延长县','610600'),('610622','延川县','610600'),('610623','子长县','610600'),('610624','安塞县','610600'),('610625','志丹县','610600'),('610626','吴起县','610600'),('610627','甘泉县','610600'),('610628','富县','610600'),('610629','洛川县','610600'),('610630','宜川县','610600'),('610631','黄龙县','610600'),('610632','黄陵县','610600'),('610700','汉中市','610000'),('610701','市辖区','610700'),('610702','汉台区','610701'),('610721','南郑县','610700'),('610722','城固县','610700'),('610723','洋县','610700'),('610724','西乡县','610700'),('610725','勉县','610700'),('610726','宁强县','610700'),('610727','略阳县','610700'),('610728','镇巴县','610700'),('610729','留坝县','610700'),('610730','佛坪县','610700'),('610800','榆林市','610000'),('610801','市辖区','610800'),('610802','榆阳区','610800'),('610821','神木县','610800'),('610822','府谷县','610800'),('610823','横山县','610800'),('610824','靖边县','610800'),('610825','定边县','610800'),('610826','绥德县','610800'),('610827','米脂县','610800'),('610828','佳县','610800'),('610829','吴堡县','610800'),('610830','清涧县','610800'),('610831','子洲县','610800'),('610900','安康市','610000'),('610901','市辖区','610900'),('610902','汉滨区','610901'),('610921','汉阴县','610900'),('610922','石泉县','610900'),('610923','宁陕县','610900'),('610924','紫阳县','610900'),('610925','岚皋县','610900'),('610926','平利县','610900'),('610927','镇坪县','610900'),('610928','旬阳县','610900'),('610929','白河县','610900'),('611000','商洛市','610000'),('611001','市辖区','611000'),('611002','商州区','611001'),('611021','洛南县','611000'),('611022','丹凤县','611000'),('611023','商南县','611000'),('611024','山阳县','611000'),('611025','镇安县','611000'),('611026','柞水县','611000'),('611100','杨凌示范区','610000'),('611103','杨凌区','611100'),('620000','甘肃省','0'),('620100','兰州市','620000'),('620101','市辖区','620100'),('620102','城关区','620101'),('620103','七里河区','620101'),('620104','西固区','620101'),('620105','安宁区','620101'),('620111','红古区','620101'),('620121','永登县','620100'),('620122','皋兰县','620100'),('620123','榆中县','620100'),('620200','嘉峪关市','620000'),('620201','市辖区','620200'),('620300','金昌市','620000'),('620301','金川区','620300'),('620321','永昌县','620300'),('620400','白银市','620000'),('620401','市辖区','620400'),('620402','白银区','620401'),('620403','平川区','620401'),('620421','靖远县','620400'),('620422','会宁县','620400'),('620423','景泰县','620400'),('620500','天水市','620000'),('620501','麦积区','620500'),('620502','秦州区','620500'),('620521','清水县','620500'),('620522','秦安县','620500'),('620523','甘谷县','620500'),('620524','武山县','620500'),('620525','张家川回族自治县','620500'),('620600','武威市','620000'),('620601','市辖区','620600'),('620602','凉州区','620601'),('620621','民勤县','620600'),('620622','古浪县','620600'),('620623','天祝藏族自治县','620600'),('620700','张掖市','620000'),('620701','市辖区','620700'),('620702','甘州区','620701'),('620721','肃南裕固族自治县','620700'),('620722','民乐县','620700'),('620723','临泽县','620700'),('620724','高台县','620700'),('620725','山丹县','620700'),('620800','平凉市','620000'),('620801','市辖区','620800'),('620802','崆峒区','620801'),('620821','泾川县','620800'),('620822','灵台县','620800'),('620823','崇信县','620800'),('620824','华亭县','620800'),('620825','庄浪县','620800'),('620826','静宁县','620800'),('620900','酒泉市','620000'),('620901','市辖区','620900'),('620902','肃州区','620901'),('620921','金塔县','620900'),('620922','瓜洲县','620900'),('620923','肃北蒙古族自治县','620900'),('620924','阿克塞哈萨克族自治县','620900'),('620981','玉门市','620900'),('620982','敦煌市','620900'),('621000','庆阳市','620000'),('621001','市辖区','621000'),('621002','西峰区','621001'),('621021','庆城县','621000'),('621022','环县','621000'),('621023','华池县','621000'),('621024','合水县','621000'),('621025','正宁县','621000'),('621026','宁县','621000'),('621027','镇原县','621000'),('621100','定西市','620000'),('621101','市辖区','621100'),('621102','安定区','621101'),('621121','通渭县','621100'),('621122','陇西县','621100'),('621123','渭源县','621100'),('621124','临洮县','621100'),('621125','漳县','621100'),('621126','岷县','621100'),('621200','陇南市','620000'),('621201','武都区','621200'),('621221','成县','621200'),('621222','文县','621200'),('621223','宕昌县','621200'),('621224','康县','621200'),('621225','西和县','621200'),('621226','礼县','621200'),('621227','徽县','621200'),('621228','两当县','621200'),('622900','临夏回族自治州','620000'),('622901','临夏市','622900'),('622921','临夏县','622900'),('622922','康乐县','622900'),('622923','永靖县','622900'),('622924','广河县','622900'),('622925','和政县','622900'),('622926','东乡族自治县','622900'),('622927','积石山保安族东乡族撒拉族自治县','622900'),('623000','甘南藏族自治州','620000'),('623001','合作市','623000'),('623021','临潭县','623000'),('623022','卓尼县','623000'),('623023','舟曲县','623000'),('623024','迭部县','623000'),('623025','玛曲县','623000'),('623026','碌曲县','623000'),('623027','夏河县','623000'),('630000','青海省','0'),('630100','西宁市','630000'),('630101','市辖区','630100'),('630102','城东区','630101'),('630103','城中区','630101'),('630104','城西区','630101'),('630105','城北区','630101'),('630121','大通回族土族自治县','630100'),('630122','湟中县','630100'),('630123','湟源县','630100'),('632100','海东市','630000'),('632121','平安县','632100'),('632122','民和回族土族自治县','632100'),('632123','乐都区','632100'),('632126','互助土族自治县','632100'),('632127','化隆回族自治县','632100'),('632128','循化撒拉族自治县','632100'),('632200','海北藏族自治州','630000'),('632221','门源回族自治县','632200'),('632222','祁连县','632200'),('632223','海晏县','632200'),('632224','刚察县','632200'),('632300','黄南藏族自治州','630000'),('632321','同仁县','632300'),('632322','尖扎县','632300'),('632323','泽库县','632300'),('632324','河南蒙古族自治县','632300'),('632500','海南藏族自治州','630000'),('632521','共和县','632500'),('632522','同德县','632500'),('632523','贵德县','632500'),('632524','兴海县','632500'),('632525','贵南县','632500'),('632600','果洛藏族自治州','630000'),('632621','玛沁县','632600'),('632622','班玛县','632600'),('632623','甘德县','632600'),('632624','达日县','632600'),('632625','久治县','632600'),('632626','玛多县','632600'),('632700','玉树藏族自治州','630000'),('632721','玉树县','632700'),('632722','杂多县','632700'),('632723','称多县','632700'),('632724','治多县','632700'),('632725','囊谦县','632700'),('632726','曲麻莱县','632700'),('632800','海西蒙古族藏族自治州','630000'),('632801','格尔木市','632800'),('632802','德令哈市','632800'),('632821','乌兰县','632800'),('632822','都兰县','632800'),('632823','天峻县','632800'),('640000','宁夏回族自治区','0'),('640100','银川市','640000'),('640104','兴庆区','640100'),('640105','西夏区','640100'),('640106','金凤区','640100'),('640121','永宁县','640100'),('640122','贺兰县','640100'),('640181','灵武市','640100'),('640200','石嘴山市','640000'),('640202','大武口区','640200'),('640205','惠农县','640200'),('640221','平罗县','640200'),('640300','吴忠市','640000'),('640301','红寺堡区','640300'),('640302','利通区','640300'),('640323','盐池县','640300'),('640324','同心县','640300'),('640381','青铜峡市','640300'),('640400','固原市','640000'),('640401','市辖区','640400'),('640402','原州区','640400'),('640422','西吉县','640400'),('640423','隆德县','640400'),('640424','泾源县','640400'),('640425','彭阳县','640400'),('640500','中卫市','640000'),('640501','市辖区','640500'),('640502','沙坡头区','640500'),('640521','中宁县','640500'),('640522','海原县','640500'),('650000','新疆维吾尔自治区','0'),('650100','乌鲁木齐市','650000'),('650101','市辖区','650100'),('650102','天山区','650101'),('650103','沙依巴克区','650101'),('650104','新市区','650101'),('650105','水磨沟区','650101'),('650106','头屯河区','650101'),('650107','达坂城区','650101'),('650108','东山区','650101'),('650121','乌鲁木齐县','650100'),('650200','克拉玛依市','650000'),('650201','市辖区','650200'),('650202','独山子区','650201'),('650203','克拉玛依区','650201'),('650204','白碱滩区','650201'),('650205','乌尔禾区','650201'),('652100','吐鲁番地区','650000'),('652101','吐鲁番市','652100'),('652122','鄯善县','652100'),('652123','托克逊县','652100'),('652200','哈密地区','650000'),('652201','哈密市','652200'),('652222','巴里坤哈萨克自治县','652200'),('652223','伊吾县','652200'),('652300','昌吉回族自治州','650000'),('652301','昌吉市','652300'),('652302','阜康市','652300'),('652303','米泉市','652300'),('652323','呼图壁县','652300'),('652324','玛纳斯县','652300'),('652325','奇台县','652300'),('652327','吉木萨尔县','652300'),('652328','木垒哈萨克自治县','652300'),('652700','博尔塔拉蒙古自治州','650000'),('652701','博乐市','652700'),('652722','精河县','652700'),('652723','温泉县','652700'),('652800','巴音郭楞蒙古自治州','650000'),('652801','库尔勒市','652800'),('652822','轮台县','652800'),('652823','尉犁县','652800'),('652824','若羌县','652800'),('652825','且末县','652800'),('652826','焉耆回族自治县','652800'),('652827','和静县','652800'),('652828','和硕县','652800'),('652829','博湖县','652800'),('652900','阿克苏地区','650000'),('652901','阿克苏市','652900'),('652922','温宿县','652900'),('652923','库车县','652900'),('652924','沙雅县','652900'),('652925','新和县','652900'),('652926','拜城县','652900'),('652927','乌什县','652900'),('652928','阿瓦提县','652900'),('652929','柯坪县','652900'),('653000','克孜勒苏柯尔克孜自治州','650000'),('653001','阿图什市','653000'),('653022','阿克陶县','653000'),('653023','阿合奇县','653000'),('653024','乌恰县','653000'),('653100','喀什地区','650000'),('653101','喀什市','653100'),('653121','疏附县','653100'),('653122','疏勒县','653100'),('653123','英吉沙县','653100'),('653124','泽普县','653100'),('653125','莎车县','653100'),('653126','叶城县','653100'),('653127','麦盖提县','653100'),('653128','岳普湖县','653100'),('653129','伽师县','653100'),('653130','巴楚县','653100'),('653131','塔什库尔干塔吉克自治县','653100'),('653200','和田地区','650000'),('653201','和田市','653200'),('653221','和田县','653200'),('653222','墨玉县','653200'),('653223','皮山县','653200'),('653224','洛浦县','653200'),('653225','策勒县','653200'),('653226','于田县','653200'),('653227','民丰县','653200'),('654000','伊犁哈萨克自治州','650000'),('654002','伊宁市','654000'),('654003','奎屯市','654000'),('654021','伊宁县','654000'),('654022','察布查尔锡伯自治县','654000'),('654023','霍城县','654000'),('654024','巩留县','654000'),('654025','新源县','654000'),('654026','昭苏县','654000'),('654027','特克斯县','654000'),('654028','尼勒克县','654000'),('654200','塔城地区','650000'),('654201','塔城市','654200'),('654202','乌苏市','654200'),('654221','额敏县','654200'),('654223','沙湾县','654200'),('654224','托里县','654200'),('654225','裕民县','654200'),('654226','和布克赛尔蒙古自治县','654200'),('654300','阿勒泰地区','650000'),('654301','阿勒泰市','654300'),('654321','布尔津县','654300'),('654322','富蕴县','654300'),('654323','福海县','654300'),('654324','哈巴河县','654300'),('654325','青河县','654300'),('654326','吉木乃县','654300'),('659000','省直辖行政单位','650000'),('659001','石河子市','659000'),('659002','阿拉尔市','659000'),('659003','图木舒克市','659000'),('659004','五家渠市','659000'),('990000','新疆建设兵团','0'),('990100','第一师','990000'),('990200','第二师','990000'),('990300','第三师','990000'),('990400','第四师','990000'),('990500','第五师','990000'),('990600','第六师','990000'),('990700','第七师','990000'),('990800','第八师','990000'),('990900','第九师','990000'),('991000','第十师','990000'),('991100','建工师','990000'),('991200','第十二师','990000'),('991300','第十三师','990000'),('991400','第十四师','990000');
/*!40000 ALTER TABLE `china` ENABLE KEYS */;
UNLOCK TABLES;

--
-- Table structure for table `customer`
--

DROP TABLE IF EXISTS `customer`;
/*!40101 SET @saved_cs_client     = @@character_set_client */;
/*!40101 SET character_set_client = utf8 */;
CREATE TABLE `customer` (
  `user_id` varchar(35) NOT NULL DEFAULT '',
  `customer_id` varchar(35) NOT NULL DEFAULT '',
  `customer_group_id` varchar(35) NOT NULL DEFAULT '',
  `customer_remark` varchar(20) NOT NULL DEFAULT '',
  `credit_rating` tinyint(4) NOT NULL DEFAULT '0',
  `promoter_id` varchar(35) NOT NULL DEFAULT '',
  `my_team_id` varchar(35) NOT NULL DEFAULT '',
  PRIMARY KEY (`customer_id`),
  KEY `FK_customer_group_re` (`customer_group_id`),
  KEY `FK_customers_re` (`user_id`),
  CONSTRAINT `FK_customer_group_re` FOREIGN KEY (`customer_group_id`) REFERENCES `customer_group` (`customer_group_id`)
) ENGINE=InnoDB DEFAULT CHARSET=utf8;
/*!40101 SET character_set_client = @saved_cs_client */;

--
-- Dumping data for table `customer`
--

LOCK TABLES `customer` WRITE;
/*!40000 ALTER TABLE `customer` DISABLE KEYS */;
INSERT INTO `customer` VALUES ('2adc216eae0d4378ba5fecb854cf5469','63c518dd0f61485c980026dcb9458d47','c_g_0','',3,'89d9317fb3834353bcf2a507bee2eb82',''),('d61bcdd1e05a490eb6398dd1c87a8f07','c9386c3f4728436aaeb3a4a39357172b','c_g_3','',3,'89d9317fb3834353bcf2a507bee2eb82',''),('3bd0bdabcd014462b0d2afa3ffc20d46','cd72979efad54fce8603640fce886edc','c_g_3','',3,'89d9317fb3834353bcf2a507bee2eb82','');
/*!40000 ALTER TABLE `customer` ENABLE KEYS */;
UNLOCK TABLES;

--
-- Table structure for table `customer_group`
--

DROP TABLE IF EXISTS `customer_group`;
/*!40101 SET @saved_cs_client     = @@character_set_client */;
/*!40101 SET character_set_client = utf8 */;
CREATE TABLE `customer_group` (
  `customer_group_id` varchar(35) NOT NULL,
  `customer_group_name` varchar(20) NOT NULL DEFAULT '',
  `sort` varchar(2) NOT NULL DEFAULT '',
  PRIMARY KEY (`customer_group_id`)
) ENGINE=InnoDB DEFAULT CHARSET=utf8;
/*!40101 SET character_set_client = @saved_cs_client */;

--
-- Dumping data for table `customer_group`
--

LOCK TABLES `customer_group` WRITE;
/*!40000 ALTER TABLE `customer_group` DISABLE KEYS */;
INSERT INTO `customer_group` VALUES ('c_g_0','个体户',''),('c_g_1','经销商',''),('c_g_2','合作农户',''),('c_g_3','合作社','');
/*!40000 ALTER TABLE `customer_group` ENABLE KEYS */;
UNLOCK TABLES;

--
-- Table structure for table `department_position`
--

DROP TABLE IF EXISTS `department_position`;
/*!40101 SET @saved_cs_client     = @@character_set_client */;
/*!40101 SET character_set_client = utf8 */;
CREATE TABLE `department_position` (
  `position_id` varchar(35) NOT NULL,
  `position_name` varchar(10) NOT NULL DEFAULT '',
  `team_department_id` varchar(35) NOT NULL DEFAULT '',
  PRIMARY KEY (`position_id`)
) ENGINE=InnoDB DEFAULT CHARSET=utf8;
/*!40101 SET character_set_client = @saved_cs_client */;

--
-- Dumping data for table `department_position`
--

LOCK TABLES `department_position` WRITE;
/*!40000 ALTER TABLE `department_position` DISABLE KEYS */;
INSERT INTO `department_position` VALUES ('4ae60c74c30143feb898d721a1299dd7','负责人','6256feb92d844cd5951d7cfe01d922ed'),('5f759af244784603bc4ffc6f7dab8508','成员','27a9c57b4c69441aa569ef4ae1a9ef7c'),('6d163a17a8b842dd98de4b059b893664','成员','6256feb92d844cd5951d7cfe01d922ed'),('6d163a17a8b842dd98de4b059b893666','负责人','27a9c57b4c69441aa569ef4ae1a9ef7d'),('b63366bffb23473cbbd2b00225e05620','负责人','27a9c57b4c69441aa569ef4ae1a9ef7c');
/*!40000 ALTER TABLE `department_position` ENABLE KEYS */;
UNLOCK TABLES;

--
-- Table structure for table `dictionary`
--

DROP TABLE IF EXISTS `dictionary`;
/*!40101 SET @saved_cs_client     = @@character_set_client */;
/*!40101 SET character_set_client = utf8 */;
CREATE TABLE `dictionary` (
  `dict_id` varchar(35) NOT NULL,
  `par_dict_id` varchar(35) NOT NULL DEFAULT '',
  `dict_name` varchar(50) NOT NULL DEFAULT '',
  `dict_code` varchar(50) NOT NULL DEFAULT '',
  `dict_create_date` datetime NOT NULL DEFAULT CURRENT_TIMESTAMP,
  `sort` varchar(2) NOT NULL DEFAULT '',
  PRIMARY KEY (`dict_id`),
  KEY `FK_par_dic_child_dic_RE` (`par_dict_id`),
  CONSTRAINT `FK_par_dic_child_dic_RE` FOREIGN KEY (`par_dict_id`) REFERENCES `parent_dictionary` (`par_dict_id`)
) ENGINE=InnoDB DEFAULT CHARSET=utf8;
/*!40101 SET character_set_client = @saved_cs_client */;

--
-- Dumping data for table `dictionary`
--

LOCK TABLES `dictionary` WRITE;
/*!40000 ALTER TABLE `dictionary` DISABLE KEYS */;
INSERT INTO `dictionary` VALUES ('11ab454a1bfa45e7b8f93871c617d037','60da30408feb45b78a6340e45427a77d','女','sex_0','2017-06-17 09:06:21','1'),('23616b1025cc44e4af1268c541bfb85b','b3a5fa19c94d4a18b5b6c75ce8d3c828','次图','2','2017-05-19 09:23:49','1'),('3b69b0b46801437a80b7d9436a5db1d4','7358aa8f92bd43dfb8e9472a7a4c74f5','等待发货','order_st_waiting_deliver','2017-05-19 10:37:16','3'),('41ce4f97b0414cce823af762169792b1','297ebc9fd0f640fca9f04c8fc067414e','填写','in_t_0','2017-05-19 09:22:13','0'),('43e1b93384cf47edac841d6f639cf308','ca970ab6c3d847b0b14cc6cd64ea253c','用户已建账','u_st_1','2017-05-19 09:51:21','1'),('48427fea6c4d4da0bdb0262fbe24141e','60da30408feb45b78a6340e45427a77d','男','sex_1','2017-06-17 09:06:21','0'),('4998bc243b704849a70c5322d24c8355','9fb5903640b340b795bc68481f1b48e3','合作社','c_g_3','2017-05-19 09:35:58','3'),('5f1fd7c385624f7d9f2f7c05ad9ce231','7358aa8f92bd43dfb8e9472a7a4c74f5','等待付款','order_st_waiting_pay','2017-05-19 10:37:16','2'),('65e6982be1a64e689c286f9bc874bfc1','297ebc9fd0f640fca9f04c8fc067414e','填写选择','in_t_2','2017-05-19 09:22:13','2'),('672b02e15beb4808945feab02ff93242','ca970ab6c3d847b0b14cc6cd64ea253c','用户已注册','u_st_2','2017-05-19 09:51:21','2'),('70b44cfa2133407690a408c0d141cfd2','7358aa8f92bd43dfb8e9472a7a4c74f5','等待评价','order_st_waiting_estimate','2017-05-19 10:37:16','5'),('719623566b1b48f4987dfb16f0e19a5c','9fb5903640b340b795bc68481f1b48e3','合作农户','c_g_2','2017-05-19 09:35:58','2'),('78b059a98fa04c11a6d9badca4650cf4','7358aa8f92bd43dfb8e9472a7a4c74f5','交易成功','order_st_succeeded','2017-05-19 10:37:16','4'),('a056459ca4144a9d879f5b5441354380','297ebc9fd0f640fca9f04c8fc067414e','选择','in_t_1','2017-05-19 09:22:13','1'),('a256240b3ec544188b4228028dc27099','8a17ada2ba50486db550935f4ca90780','已拒绝','negative','2017-06-16 17:06:42','2'),('a37079a23bff4a069652ec4ab45cabb2','7358aa8f92bd43dfb8e9472a7a4c74f5','正在审核','order_st_checking','2017-05-19 10:37:16','0'),('c120146b6eaa4c5a94d2e0b4e4c48ff6','9fb5903640b340b795bc68481f1b48e3','个体户','c_g_0','2017-05-19 09:35:58','0'),('cd36e1adee22447281805b45a9b51ac3','58c359e4f354459aa2d9692a50ca3e19','否','0','2017-05-19 09:38:38','0'),('d25adc48227a42fb8a6d7a53d7150ef5','58c359e4f354459aa2d9692a50ca3e19','是','1','2017-05-19 09:38:38','1'),('d643610b2ade4853b650cfb35230ca6a','7c91ff9e7e3b47a7ba42b4d4ea78ab5a','已付款','pyment_method_2','2017-05-19 09:50:00','2'),('da0ffec3e70f4cef9fef0fc7b8efd1c1','8a17ada2ba50486db550935f4ca90780','等待确认','request','2017-06-16 17:06:42','0'),('e21f405b452d4341ad8492f12289caf5','7358aa8f92bd43dfb8e9472a7a4c74f5','审核通过','order_st_pass','2017-05-19 10:37:16','1'),('e657734638874998b73d5cd958c48aac','7c91ff9e7e3b47a7ba42b4d4ea78ab5a','月结','pyment_method_0','2017-05-19 09:50:00','0'),('e66d45092957445f8d2df43c34b4326d','7c91ff9e7e3b47a7ba42b4d4ea78ab5a','到付','pyment_method_1','2017-05-19 09:50:00','1'),('e7837f343ff24baf8e0f15d8f607f4d2','9fb5903640b340b795bc68481f1b48e3','经销商','c_g_1','2017-05-19 09:35:58','1'),('e8acaa7cbed0462cb1c8913b3e432d5d','b3a5fa19c94d4a18b5b6c75ce8d3c828','主图','1','2017-05-19 09:23:49','0'),('eb9a8c796c9e4e2397de53603d7e6b75','8a17ada2ba50486db550935f4ca90780','已同意','agree','2017-06-16 17:06:42','1'),('efb2ca5424e34119970cbcdd9f17dde0','ca970ab6c3d847b0b14cc6cd64ea253c','用户已建档','u_st_0','2017-05-19 09:51:21','0');
/*!40000 ALTER TABLE `dictionary` ENABLE KEYS */;
UNLOCK TABLES;

--
-- Table structure for table `friend`
--

DROP TABLE IF EXISTS `friend`;
/*!40101 SET @saved_cs_client     = @@character_set_client */;
/*!40101 SET character_set_client = utf8 */;
CREATE TABLE `friend` (
  `friend_id` varchar(35) NOT NULL,
  `user_id` varchar(35) NOT NULL DEFAULT '',
  `friend_user_id` varchar(35) NOT NULL DEFAULT '',
  `friend_origin` varchar(10) NOT NULL DEFAULT '',
  `friend_remark_name` varchar(20) NOT NULL DEFAULT '',
  `friend_remark_text` varchar(200) NOT NULL DEFAULT '',
  PRIMARY KEY (`friend_id`)
) ENGINE=InnoDB DEFAULT CHARSET=utf8;
/*!40101 SET character_set_client = @saved_cs_client */;

--
-- Dumping data for table `friend`
--

LOCK TABLES `friend` WRITE;
/*!40000 ALTER TABLE `friend` DISABLE KEYS */;
/*!40000 ALTER TABLE `friend` ENABLE KEYS */;
UNLOCK TABLES;

--
-- Table structure for table `friend_request`
--

DROP TABLE IF EXISTS `friend_request`;
/*!40101 SET @saved_cs_client     = @@character_set_client */;
/*!40101 SET character_set_client = utf8 */;
CREATE TABLE `friend_request` (
  `request_id` varchar(35) NOT NULL,
  `user_id` varchar(35) NOT NULL DEFAULT '',
  `friend_id` varchar(35) NOT NULL DEFAULT '',
  `friend_origin` varchar(10) NOT NULL DEFAULT '',
  `request_info` varchar(20) NOT NULL DEFAULT '',
  `request_state` varchar(10) NOT NULL DEFAULT '',
  `is_read` tinyint(4) NOT NULL DEFAULT '0',
  `is_received` tinyint(4) NOT NULL DEFAULT '0',
  `create_date` datetime NOT NULL DEFAULT CURRENT_TIMESTAMP,
  PRIMARY KEY (`request_id`)
) ENGINE=InnoDB DEFAULT CHARSET=utf8;
/*!40101 SET character_set_client = @saved_cs_client */;

--
-- Dumping data for table `friend_request`
--

LOCK TABLES `friend_request` WRITE;
/*!40000 ALTER TABLE `friend_request` DISABLE KEYS */;
INSERT INTO `friend_request` VALUES ('059812b5a8ef17b5','89d9317fb3834353bcf2a507bee2eb82','89d9317fb3834353bcf2a507bee2eb83','','加加加','request',0,0,'2017-08-01 15:37:27'),('2ee04195a7221ccb','89d9317fb3834353bcf2a507bee2eb82','89d9317fb3834353bcf2a507bee2eb83','','加加加','agree',0,1,'2017-08-01 16:35:56'),('46beec9bab0e4fc8b7aa36c05e303a6d','89d9317fb3834353bcf2a507bee2eb83','89d9317fb3834353bcf2a507bee2eb82','','','agree',0,1,'2017-08-01 16:37:57'),('902a6461c180468998316fa5509d91a4','89d9317fb3834353bcf2a507bee2eb83','89d9317fb3834353bcf2a507bee2eb82','','','agree',0,1,'2017-08-01 15:24:01'),('b1dba5f7f36ad80b','89d9317fb3834353bcf2a507bee2eb82','89d9317fb3834353bcf2a507bee2eb83','','加加加','agree',0,1,'2017-08-01 15:23:28');
/*!40000 ALTER TABLE `friend_request` ENABLE KEYS */;
UNLOCK TABLES;

--
-- Table structure for table `goods_enshrine`
--

DROP TABLE IF EXISTS `goods_enshrine`;
/*!40101 SET @saved_cs_client     = @@character_set_client */;
/*!40101 SET character_set_client = utf8 */;
CREATE TABLE `goods_enshrine` (
  `goods_id` varchar(35) NOT NULL,
  `user_id` varchar(35) NOT NULL,
  PRIMARY KEY (`goods_id`,`user_id`),
  KEY `FK_user_goods_RE2` (`user_id`),
  CONSTRAINT `FK_user_goods_RE` FOREIGN KEY (`goods_id`) REFERENCES `goodsinfo` (`goods_id`),
  CONSTRAINT `FK_user_goods_RE2` FOREIGN KEY (`user_id`) REFERENCES `user` (`user_id`)
) ENGINE=InnoDB DEFAULT CHARSET=utf8;
/*!40101 SET character_set_client = @saved_cs_client */;

--
-- Dumping data for table `goods_enshrine`
--

LOCK TABLES `goods_enshrine` WRITE;
/*!40000 ALTER TABLE `goods_enshrine` DISABLE KEYS */;
/*!40000 ALTER TABLE `goods_enshrine` ENABLE KEYS */;
UNLOCK TABLES;

--
-- Table structure for table `goods_image`
--

DROP TABLE IF EXISTS `goods_image`;
/*!40101 SET @saved_cs_client     = @@character_set_client */;
/*!40101 SET character_set_client = utf8 */;
CREATE TABLE `goods_image` (
  `goods_id` varchar(35) NOT NULL DEFAULT '',
  `image_id` varchar(35) NOT NULL DEFAULT '',
  `sort` varchar(2) NOT NULL DEFAULT '',
  `goods_img_type` tinyint(4) NOT NULL DEFAULT '0',
  KEY `FK_goods_img_RE` (`goods_id`),
  KEY `FK_goods_img_space_re` (`image_id`),
  CONSTRAINT `FK_goods_img_RE` FOREIGN KEY (`goods_id`) REFERENCES `goodsinfo` (`goods_id`),
  CONSTRAINT `FK_goods_img_space_re` FOREIGN KEY (`image_id`) REFERENCES `image_space` (`image_id`)
) ENGINE=InnoDB DEFAULT CHARSET=utf8;
/*!40101 SET character_set_client = @saved_cs_client */;

--
-- Dumping data for table `goods_image`
--

LOCK TABLES `goods_image` WRITE;
/*!40000 ALTER TABLE `goods_image` DISABLE KEYS */;
INSERT INTO `goods_image` VALUES ('9c3ed28bb39e4b079f548e69a3681cba','7f919e4356a44fe8a199dde18d561cbc','0',1),('9c3ed28bb39e4b079f548e69a3681cba','bc13439ff4384bcab77d93911ce783f6','1',2),('22a91981f71a43e7a8c34472bc7cc1c6','7f919e4356a44fe8a199dde18d561cbc','0',1),('22a91981f71a43e7a8c34472bc7cc1c6','bc13439ff4384bcab77d93911ce783f6','1',2);
/*!40000 ALTER TABLE `goods_image` ENABLE KEYS */;
UNLOCK TABLES;

--
-- Table structure for table `goods_standard`
--

DROP TABLE IF EXISTS `goods_standard`;
/*!40101 SET @saved_cs_client     = @@character_set_client */;
/*!40101 SET character_set_client = utf8 */;
CREATE TABLE `goods_standard` (
  `standard_id` varchar(35) NOT NULL,
  `goods_id` varchar(35) NOT NULL DEFAULT '',
  `standard_name` varchar(20) NOT NULL DEFAULT '',
  `standard_price` float NOT NULL DEFAULT '0',
  `standard_count` int(11) NOT NULL DEFAULT '0',
  `standard_weight` float NOT NULL DEFAULT '0',
  PRIMARY KEY (`standard_id`),
  KEY `FK_goods_standard_re` (`goods_id`),
  CONSTRAINT `FK_goods_standard_re` FOREIGN KEY (`goods_id`) REFERENCES `goodsinfo` (`goods_id`)
) ENGINE=InnoDB DEFAULT CHARSET=utf8;
/*!40101 SET character_set_client = @saved_cs_client */;

--
-- Dumping data for table `goods_standard`
--

LOCK TABLES `goods_standard` WRITE;
/*!40000 ALTER TABLE `goods_standard` DISABLE KEYS */;
INSERT INTO `goods_standard` VALUES ('1f9b286b836c4175ab09a9b02cacbb7d','22a91981f71a43e7a8c34472bc7cc1c6','小包',5,200,30),('44a91ec5692442d28ac752b066cafa03','22a91981f71a43e7a8c34472bc7cc1c6','大包',10,100,60),('9190f4574805419187a8029042803617','9c3ed28bb39e4b079f548e69a3681cba','大包',10,100,60),('97be34802bda49f6b4ee2c200ee3a16a','9c3ed28bb39e4b079f548e69a3681cba','小包',5,200,30);
/*!40000 ALTER TABLE `goods_standard` ENABLE KEYS */;
UNLOCK TABLES;

--
-- Table structure for table `goods_type_attr`
--

DROP TABLE IF EXISTS `goods_type_attr`;
/*!40101 SET @saved_cs_client     = @@character_set_client */;
/*!40101 SET character_set_client = utf8 */;
CREATE TABLE `goods_type_attr` (
  `goods_type_attr_id` varchar(35) NOT NULL,
  `goods_type_id` varchar(35) NOT NULL DEFAULT '',
  `goods_type_attr_name` varchar(50) NOT NULL DEFAULT '',
  `goods_type_attr_value` varchar(30) NOT NULL DEFAULT '',
  `goods_type_attr_const` tinyint(4) NOT NULL DEFAULT '0',
  `goods_type_attr_input_type` varchar(10) NOT NULL DEFAULT '',
  `is_deleted` tinyint(4) NOT NULL DEFAULT '0',
  `delete_date` datetime DEFAULT NULL,
  PRIMARY KEY (`goods_type_attr_id`),
  KEY `FK_type_detail_re` (`goods_type_id`),
  CONSTRAINT `FK_type_detail_re` FOREIGN KEY (`goods_type_id`) REFERENCES `goods_typeinfo` (`goods_type_id`)
) ENGINE=InnoDB DEFAULT CHARSET=utf8;
/*!40101 SET character_set_client = @saved_cs_client */;

--
-- Dumping data for table `goods_type_attr`
--

LOCK TABLES `goods_type_attr` WRITE;
/*!40000 ALTER TABLE `goods_type_attr` DISABLE KEYS */;
/*!40000 ALTER TABLE `goods_type_attr` ENABLE KEYS */;
UNLOCK TABLES;

--
-- Table structure for table `goods_typeinfo`
--

DROP TABLE IF EXISTS `goods_typeinfo`;
/*!40101 SET @saved_cs_client     = @@character_set_client */;
/*!40101 SET character_set_client = utf8 */;
CREATE TABLE `goods_typeinfo` (
  `goods_type_id` varchar(35) NOT NULL,
  `goods_type_name` varchar(20) NOT NULL DEFAULT '',
  `goods_type_pid` varchar(35) NOT NULL DEFAULT '0',
  `is_deleted` tinyint(4) NOT NULL DEFAULT '0',
  `delete_date` datetime DEFAULT NULL,
  PRIMARY KEY (`goods_type_id`)
) ENGINE=InnoDB DEFAULT CHARSET=utf8;
/*!40101 SET character_set_client = @saved_cs_client */;

--
-- Dumping data for table `goods_typeinfo`
--

LOCK TABLES `goods_typeinfo` WRITE;
/*!40000 ALTER TABLE `goods_typeinfo` DISABLE KEYS */;
INSERT INTO `goods_typeinfo` VALUES ('03d6bea1b2d9482e9e254265e9945736','添加剂','286f09ac9e744088ad7ae9dbf8b5c70e',0,NULL),('07d6d3ebc7dd440eb381d7771e73a156','解热镇痛','286f09ac9e744088ad7ae9dbf8b5c70e',0,NULL),('0894a22a052d4bb8a9a2995474dd4943','解热镇痛','49014b0e6c1e4a27aa952022b22c13b2',0,NULL),('0aab6554bb784adf9660b262fcb5e8d6','抗菌消炎','49014b0e6c1e4a27aa952022b22c13b2',0,NULL),('0b49ef854bb74ff9b9317132dba053d7','中猪料','2267430251874ea69ea82834c558977a',0,NULL),('10024c95782b4e9a9aa65b12d24153c3','脱霉剂','03d6bea1b2d9482e9e254265e9945736',0,NULL),('1fb7c7f35d5d495d8f37a26ef73701d5','环境改良剂','03d6bea1b2d9482e9e254265e9945736',0,NULL),('201e884d225d40bd8e31cbc56b7df81e','人工授精','583fdc38ee8c4b5aa6be0b9497da9594',0,NULL),('2267430251874ea69ea82834c558977a','饲料','0',0,NULL),('273b080cc35f4b04946db52daca07798','保育类','2267430251874ea69ea82834c558977a',0,NULL),('286f09ac9e744088ad7ae9dbf8b5c70e','药品','0',0,NULL),('2a2dc78ea7df40ae90a60bb49619df05','原料','2267430251874ea69ea82834c558977a',0,NULL),('2dab53064cc74c468fb4b6b99b6f9b79','养保健类','49014b0e6c1e4a27aa952022b22c13b2',0,NULL),('49014b0e6c1e4a27aa952022b22c13b2','兽药','286f09ac9e744088ad7ae9dbf8b5c70e',0,NULL),('494869f36a254c41b9a7384a8673ba28','呼吸道','49014b0e6c1e4a27aa952022b22c13b2',0,NULL),('4b6533e3a7214dd39eafd2076b9d9813','内三元','c3428a9f163f462a86fc93fc0ab02317',0,NULL),('52c03e15d23747559990472b909cf931','温控环控','583fdc38ee8c4b5aa6be0b9497da9594',0,NULL),('583fdc38ee8c4b5aa6be0b9497da9594','设备','0',0,NULL),('6102cb1d32524f868103c2ed13d7b873','肠道改善剂','03d6bea1b2d9482e9e254265e9945736',0,NULL),('6d905405704c4358a199c6b96c814012','管理辅助','583fdc38ee8c4b5aa6be0b9497da9594',0,NULL),('73b0faa3f9ef41d38ea0ab6a7d647322','免疫增强剂','03d6bea1b2d9482e9e254265e9945736',0,NULL),('7671e2616d2a496a866bcab01553c35f','公猪料','2267430251874ea69ea82834c558977a',0,NULL),('7877698c230446759cb0c2d9c2871f4f','疫苗','49014b0e6c1e4a27aa952022b22c13b2',0,NULL),('85d6d6acc56a45e1b9cc5ebb3ba1ffe6','消毒药','49014b0e6c1e4a27aa952022b22c13b2',0,NULL),('89aaeccbe11b415f822eec109067bc3c','母猪保健类','49014b0e6c1e4a27aa952022b22c13b2',0,NULL),('8fd39f27901e4bd28641e0b3361f5d2b','补铁药','49014b0e6c1e4a27aa952022b22c13b2',0,NULL),('945ecca898284c2187ef6a5475a1363e','兽药大礼包','49014b0e6c1e4a27aa952022b22c13b2',0,NULL),('995dbbd290c34bdb90d72f8e683b5c80','多维','03d6bea1b2d9482e9e254265e9945736',0,NULL),('99a66937a0a3487d96cfccece374490e','促生长类','03d6bea1b2d9482e9e254265e9945736',0,NULL),('9fb6e69754ff423aadeb949d64e2888e','外三元','c3428a9f163f462a86fc93fc0ab02317',0,NULL),('a90311d9c1e143658622922edb76f0d8','注射工具','583fdc38ee8c4b5aa6be0b9497da9594',0,NULL),('ace7d59777d84d63a05c462efc6c8ebf','消化道','49014b0e6c1e4a27aa952022b22c13b2',0,NULL),('b6ec605c1e3e4ebb932f287567720f79','大猪料','2267430251874ea69ea82834c558977a',0,NULL),('bced61eacc0647ecb5827dd8856f3457','驱虫类','49014b0e6c1e4a27aa952022b22c13b2',0,NULL),('c3428a9f163f462a86fc93fc0ab02317','种苗','0',0,NULL),('c357720497e44bdb8720941fe39a1f05','教槽类','2267430251874ea69ea82834c558977a',0,NULL),('cc7e99740f8c467987679f7ee6bc3504','促发情','03d6bea1b2d9482e9e254265e9945736',0,NULL),('cd0dbec4bd914ce2855a9dfab8c85420','抗病毒类','49014b0e6c1e4a27aa952022b22c13b2',0,NULL),('d792326c2d264e529b39c35d8dbc3d2e','母猪料','2267430251874ea69ea82834c558977a',0,NULL),('d9a1c7aa8b8f4d50b6887cf81f60d4c3','成套设备','583fdc38ee8c4b5aa6be0b9497da9594',0,NULL),('e193484a9343450ab72bc3e6687c9023','泌乳类','03d6bea1b2d9482e9e254265e9945736',0,NULL),('f9bd59fa75384f329a5d62b3ee92896c','酶制剂','03d6bea1b2d9482e9e254265e9945736',0,NULL),('f9d0297d747645579b6219abd65c171f','仔猪类','2267430251874ea69ea82834c558977a',0,NULL),('fbca6549122a40029d1e5a5ecef76704','饲料原料','2267430251874ea69ea82834c558977a',0,NULL);
/*!40000 ALTER TABLE `goods_typeinfo` ENABLE KEYS */;
UNLOCK TABLES;

--
-- Table structure for table `goodsinfo`
--

DROP TABLE IF EXISTS `goodsinfo`;
/*!40101 SET @saved_cs_client     = @@character_set_client */;
/*!40101 SET character_set_client = utf8 */;
CREATE TABLE `goodsinfo` (
  `goods_id` varchar(35) NOT NULL,
  `goods_type_id` varchar(35) NOT NULL DEFAULT '',
  `my_team_id` varchar(35) NOT NULL DEFAULT '',
  `template_freight_id` varchar(35) NOT NULL DEFAULT '',
  `goods_name` varchar(60) NOT NULL DEFAULT '',
  `goods_price` float NOT NULL DEFAULT '0',
  `goods_count` int(11) NOT NULL DEFAULT '0',
  `goods_attr` text,
  `goods_describe` text,
  `goods_standard` text,
  `goods_freight` int(11) NOT NULL DEFAULT '0',
  `goods_sales` int(11) NOT NULL DEFAULT '0',
  `goods_create_date` datetime NOT NULL DEFAULT CURRENT_TIMESTAMP,
  `is_deleted` tinyint(4) NOT NULL DEFAULT '0',
  `delete_date` datetime DEFAULT NULL,
  PRIMARY KEY (`goods_id`),
  KEY `FK_goods_freight_re` (`template_freight_id`),
  KEY `FK_goods_type_RE` (`goods_type_id`),
  KEY `FK_team_goods_re` (`my_team_id`),
  CONSTRAINT `FK_goods_type_RE` FOREIGN KEY (`goods_type_id`) REFERENCES `goods_typeinfo` (`goods_type_id`),
  CONSTRAINT `FK_team_goods_re` FOREIGN KEY (`my_team_id`) REFERENCES `my_team` (`my_team_id`)
) ENGINE=InnoDB DEFAULT CHARSET=utf8;
/*!40101 SET character_set_client = @saved_cs_client */;

--
-- Dumping data for table `goodsinfo`
--

LOCK TABLES `goodsinfo` WRITE;
/*!40000 ALTER TABLE `goodsinfo` DISABLE KEYS */;
INSERT INTO `goodsinfo` VALUES ('22a91981f71a43e7a8c34472bc7cc1c6','0b49ef854bb74ff9b9317132dba053d7','10001','','倍润828B,20%生长育肥猪浓缩饲料 使用阶段：60kg-出栏',0,0,'品牌?倍润','7f919e4356a44fe8a199dde18d561cbc|bc13439ff4384bcab77d93911ce783f6|df85119137904e93895d8c76e06b1924|',NULL,0,0,'2017-07-18 14:22:21',0,NULL),('9c3ed28bb39e4b079f548e69a3681cba','0b49ef854bb74ff9b9317132dba053d7','10001','','【畅消】4%中猪预混料 长势快 后劲强 适用于30~60KG',0,0,'品牌?新希望六和','7f919e4356a44fe8a199dde18d561cbc|bc13439ff4384bcab77d93911ce783f6|df85119137904e93895d8c76e06b1924|',NULL,0,0,'2017-07-18 14:21:26',0,NULL);
/*!40000 ALTER TABLE `goodsinfo` ENABLE KEYS */;
UNLOCK TABLES;

--
-- Table structure for table `image_space`
--

DROP TABLE IF EXISTS `image_space`;
/*!40101 SET @saved_cs_client     = @@character_set_client */;
/*!40101 SET character_set_client = utf8 */;
CREATE TABLE `image_space` (
  `image_id` varchar(35) NOT NULL,
  `my_team_id` varchar(35) NOT NULL DEFAULT '',
  `image_path` varchar(150) NOT NULL DEFAULT '',
  PRIMARY KEY (`image_id`),
  KEY `FK_team_img_space` (`my_team_id`),
  CONSTRAINT `FK_team_img_space` FOREIGN KEY (`my_team_id`) REFERENCES `my_team` (`my_team_id`)
) ENGINE=InnoDB DEFAULT CHARSET=utf8;
/*!40101 SET character_set_client = @saved_cs_client */;

--
-- Dumping data for table `image_space`
--

LOCK TABLES `image_space` WRITE;
/*!40000 ALTER TABLE `image_space` DISABLE KEYS */;
INSERT INTO `image_space` VALUES ('7f919e4356a44fe8a199dde18d561cbc','10001','/upload/img/user/space/89d9317fb3834353bcf2a507bee2eb82/a22f4e8ce09c43d58b1690058e439d80.jpg'),('bc13439ff4384bcab77d93911ce783f6','10001','/upload/img/user/space/89d9317fb3834353bcf2a507bee2eb82/c61467dcc89848c2aab2c13f1aa0fdce.jpg'),('df85119137904e93895d8c76e06b1924','10001','/upload/img/user/space/89d9317fb3834353bcf2a507bee2eb82/a174c63eb79e40dd9044e95f68283abe.png');
/*!40000 ALTER TABLE `image_space` ENABLE KEYS */;
UNLOCK TABLES;

--
-- Table structure for table `menu`
--

DROP TABLE IF EXISTS `menu`;
/*!40101 SET @saved_cs_client     = @@character_set_client */;
/*!40101 SET character_set_client = utf8 */;
CREATE TABLE `menu` (
  `menu_id` int(11) NOT NULL,
  `menu_name` varchar(20) NOT NULL DEFAULT '',
  `menu_url` varchar(100) NOT NULL DEFAULT '',
  `menu_pid` int(11) NOT NULL DEFAULT '0',
  `menu_icon` varchar(15) NOT NULL DEFAULT '',
  `menu_isHeader` tinyint(4) NOT NULL DEFAULT '0',
  `sort` tinyint(4) NOT NULL DEFAULT '1',
  `is_deleted` tinyint(4) NOT NULL DEFAULT '0',
  `delete_date` datetime DEFAULT NULL,
  PRIMARY KEY (`menu_id`)
) ENGINE=InnoDB DEFAULT CHARSET=utf8;
/*!40101 SET character_set_client = @saved_cs_client */;

--
-- Dumping data for table `menu`
--

LOCK TABLES `menu` WRITE;
/*!40000 ALTER TABLE `menu` DISABLE KEYS */;
INSERT INTO `menu` VALUES (1,'我的客户','/pages/customer/group.jsp',0,'',0,1,0,NULL),(2,'商城','',0,'',0,2,0,NULL),(3,'类目管理','/pages/mall/type/type.jsp',2,'',0,1,0,NULL),(4,'我的好友','/pages/friend/friend.jsp',0,'',0,1,0,NULL),(5,'添加商品','/pages/mall/goods/typeSelect.jsp',2,'',0,1,0,NULL),(6,'图片上传','/pages/mall/img.jsp',2,'',0,1,0,NULL),(7,'我的团队','/pages/team/team.jsp',0,'',0,1,0,NULL),(8,'系统菜单','',0,'',0,2,0,NULL),(9,'数据字典','/pages/dictionary/dictionary.jsp',8,'',0,1,0,NULL),(10,'商品管理','/pages/mall/goods/goodsManage.jsp',2,'',0,1,0,NULL),(11,'权限管理','/pages/permission/permission.jsp',8,'',0,1,0,NULL),(12,'角色管理','/pages/role/role.jsp',8,'',0,1,0,NULL),(13,'团队管理','/pages/team/nx-team.jsp',0,'',0,1,0,NULL),(14,'用户权限管理','/pages/permission/qm-permission.jsp',8,'',0,1,0,NULL);
/*!40000 ALTER TABLE `menu` ENABLE KEYS */;
UNLOCK TABLES;

--
-- Table structure for table `my_order`
--

DROP TABLE IF EXISTS `my_order`;
/*!40101 SET @saved_cs_client     = @@character_set_client */;
/*!40101 SET character_set_client = utf8 */;
CREATE TABLE `my_order` (
  `order_id` varchar(35) NOT NULL,
  `customer_id` varchar(35) NOT NULL DEFAULT '',
  `order_type` varchar(15) NOT NULL DEFAULT '',
  `order_status` varchar(15) NOT NULL DEFAULT '',
  `recipient` varchar(20) NOT NULL DEFAULT '',
  `contact_number` varchar(20) NOT NULL DEFAULT '',
  `address` varchar(100) NOT NULL DEFAULT '',
  `remark` varchar(100) NOT NULL DEFAULT '',
  `payment` varchar(20) NOT NULL DEFAULT '',
  `order_create_date` datetime NOT NULL DEFAULT CURRENT_TIMESTAMP,
  `roder_success_date` datetime DEFAULT NULL,
  `is_deleted` tinyint(4) NOT NULL DEFAULT '0',
  `delete_date` date DEFAULT NULL,
  PRIMARY KEY (`order_id`),
  KEY `FK_user_order_RE` (`customer_id`),
  CONSTRAINT `FK_user_order_RE` FOREIGN KEY (`customer_id`) REFERENCES `customer` (`customer_id`)
) ENGINE=InnoDB DEFAULT CHARSET=utf8;
/*!40101 SET character_set_client = @saved_cs_client */;

--
-- Dumping data for table `my_order`
--

LOCK TABLES `my_order` WRITE;
/*!40000 ALTER TABLE `my_order` DISABLE KEYS */;
/*!40000 ALTER TABLE `my_order` ENABLE KEYS */;
UNLOCK TABLES;

--
-- Table structure for table `my_order_list`
--

DROP TABLE IF EXISTS `my_order_list`;
/*!40101 SET @saved_cs_client     = @@character_set_client */;
/*!40101 SET character_set_client = utf8 */;
CREATE TABLE `my_order_list` (
  `order_list_id` varchar(35) NOT NULL,
  `order_id` varchar(35) NOT NULL DEFAULT '',
  `goods_num` int(11) NOT NULL DEFAULT '0',
  `price` float NOT NULL DEFAULT '0',
  `goods_name` varchar(60) NOT NULL DEFAULT '',
  `goods_id` varchar(35) NOT NULL DEFAULT '',
  PRIMARY KEY (`order_list_id`),
  KEY `FK_order_info_RE` (`order_id`),
  CONSTRAINT `FK_order_info_RE` FOREIGN KEY (`order_id`) REFERENCES `my_order` (`order_id`)
) ENGINE=InnoDB DEFAULT CHARSET=utf8;
/*!40101 SET character_set_client = @saved_cs_client */;

--
-- Dumping data for table `my_order_list`
--

LOCK TABLES `my_order_list` WRITE;
/*!40000 ALTER TABLE `my_order_list` DISABLE KEYS */;
/*!40000 ALTER TABLE `my_order_list` ENABLE KEYS */;
UNLOCK TABLES;

--
-- Table structure for table `my_team`
--

DROP TABLE IF EXISTS `my_team`;
/*!40101 SET @saved_cs_client     = @@character_set_client */;
/*!40101 SET character_set_client = utf8 */;
CREATE TABLE `my_team` (
  `my_team_id` varchar(35) NOT NULL,
  `my_team_name` varchar(20) NOT NULL DEFAULT '',
  `my_team_create_date` datetime NOT NULL DEFAULT CURRENT_TIMESTAMP,
  `my_team_area` varchar(50) NOT NULL DEFAULT '',
  `my_team_address` varchar(50) NOT NULL DEFAULT '',
  `my_team_member_number` int(11) NOT NULL DEFAULT '0',
  `my_team_sort` tinyint(4) NOT NULL DEFAULT '1',
  `my_team_type` varchar(20) NOT NULL DEFAULT '',
  `my_team_pid` varchar(35) NOT NULL DEFAULT '0',
  PRIMARY KEY (`my_team_id`)
) ENGINE=InnoDB DEFAULT CHARSET=utf8;
/*!40101 SET character_set_client = @saved_cs_client */;

--
-- Dumping data for table `my_team`
--

LOCK TABLES `my_team` WRITE;
/*!40000 ALTER TABLE `my_team` DISABLE KEYS */;
INSERT INTO `my_team` VALUES ('10001','青麦科技','2017-06-14 10:38:11','','',0,1,'','0');
/*!40000 ALTER TABLE `my_team` ENABLE KEYS */;
UNLOCK TABLES;

--
-- Table structure for table `parent_dictionary`
--

DROP TABLE IF EXISTS `parent_dictionary`;
/*!40101 SET @saved_cs_client     = @@character_set_client */;
/*!40101 SET character_set_client = utf8 */;
CREATE TABLE `parent_dictionary` (
  `par_dict_id` varchar(35) NOT NULL,
  `par_dict_name` varchar(50) NOT NULL DEFAULT '',
  `par_dict_create_date` datetime NOT NULL DEFAULT CURRENT_TIMESTAMP,
  `sort` varchar(2) NOT NULL DEFAULT '',
  PRIMARY KEY (`par_dict_id`)
) ENGINE=InnoDB DEFAULT CHARSET=utf8;
/*!40101 SET character_set_client = @saved_cs_client */;

--
-- Dumping data for table `parent_dictionary`
--

LOCK TABLES `parent_dictionary` WRITE;
/*!40000 ALTER TABLE `parent_dictionary` DISABLE KEYS */;
INSERT INTO `parent_dictionary` VALUES ('297ebc9fd0f640fca9f04c8fc067414e','填写类型','2017-05-17 15:51:15',''),('58c359e4f354459aa2d9692a50ca3e19','是否必填','2017-05-17 15:51:15',''),('60da30408feb45b78a6340e45427a77d','用户性别','2017-06-17 09:06:06',''),('7358aa8f92bd43dfb8e9472a7a4c74f5','订单状态','2017-05-17 15:51:15',''),('7c91ff9e7e3b47a7ba42b4d4ea78ab5a','付款方式','2017-05-17 15:51:15',''),('8a17ada2ba50486db550935f4ca90780','好友状态','2017-06-16 17:05:28',''),('9fb5903640b340b795bc68481f1b48e3','客户分组','2017-05-17 15:51:15',''),('b3a5fa19c94d4a18b5b6c75ce8d3c828','图片类型','2017-05-17 15:51:15',''),('ca970ab6c3d847b0b14cc6cd64ea253c','用户状态','2017-05-17 15:51:15','');
/*!40000 ALTER TABLE `parent_dictionary` ENABLE KEYS */;
UNLOCK TABLES;

--
-- Table structure for table `permission`
--

DROP TABLE IF EXISTS `permission`;
/*!40101 SET @saved_cs_client     = @@character_set_client */;
/*!40101 SET character_set_client = utf8 */;
CREATE TABLE `permission` (
  `permission_id` varchar(35) NOT NULL,
  `permission_name` varchar(20) NOT NULL DEFAULT '',
  `permission_url` varchar(100) NOT NULL DEFAULT '',
  `permission_pid` varchar(35) NOT NULL DEFAULT '',
  `sort` varchar(2) NOT NULL DEFAULT '',
  `is_deleted` tinyint(4) NOT NULL DEFAULT '0',
  `delete_date` date DEFAULT NULL,
  PRIMARY KEY (`permission_id`)
) ENGINE=InnoDB DEFAULT CHARSET=utf8;
/*!40101 SET character_set_client = @saved_cs_client */;

--
-- Dumping data for table `permission`
--

LOCK TABLES `permission` WRITE;
/*!40000 ALTER TABLE `permission` DISABLE KEYS */;
INSERT INTO `permission` VALUES ('42b95b8f711447c49038e922c6f6167d','根据手机或姓名查找用户','/user_findUserByPhoneOrName','e7d92c8a7a914cc1ac4c69f19e6280a9','',0,NULL),('5d4c37102aa943f48a679cca07fe2bb3','客户管理','','0','',0,NULL),('649663c1e3e247708df7de7c0018fb3b','登录组织管理','/s/login','71e4956673c14543a2ed8c8e3c65e0a4','',0,NULL),('678dba65e68f4bf88648e81d5bd9be8a','查找分类下的客户','/s/findCustomerByGroup','5d4c37102aa943f48a679cca07fe2bb3','',0,NULL),('6bb47e49d7cc470680a586da0bd85f33','发起添加好友申请','/user_addFriendRequest','e7d92c8a7a914cc1ac4c69f19e6280a9','',0,NULL),('71478daa45b54bc3a94f81a11f5c292f','设置好友申请为已读','/user_updateRequestIsRead','e7d92c8a7a914cc1ac4c69f19e6280a9','',0,NULL),('71e4956673c14543a2ed8c8e3c65e0a4','组织管理','','0','',0,NULL),('942f55f2332646a581de2bc6540f03a1','查找客户更新次数','/s/findCustomerUpdateCount','5d4c37102aa943f48a679cca07fe2bb3','',0,NULL),('b18ea1a89d0948c4a293a6d21b47afeb','查找部门下成员','/s/findMemberList','71e4956673c14543a2ed8c8e3c65e0a4','',0,NULL),('c442c7be80f7428eae971888176647c4','获取好友申请总数','/user_findFriendRequestCount','e7d92c8a7a914cc1ac4c69f19e6280a9','',0,NULL),('c901587599ad40c7a1f2dd6c0e7ccbb1','查看客户详情','/s/findCustomerInfo','5d4c37102aa943f48a679cca07fe2bb3','',0,NULL),('c9c6b6a0f3a040e2a02cf93f7c886400','更新好友备注','/user_updateFriendRemark','e7d92c8a7a914cc1ac4c69f19e6280a9','',0,NULL),('caa3b16c0cd04f31ae63681d53c95fd4','获取未读消息总数','/user_findNotReadChatHistoryCount','e7d92c8a7a914cc1ac4c69f19e6280a9','',0,NULL),('cb6831e81c274cc8b6d1e3f81847ea35','获取好友申请','/user_findFriendRequest','e7d92c8a7a914cc1ac4c69f19e6280a9','',0,NULL),('cede163f9abd4bcca09e11714c61bb05','客户建档','/s/addCustomerRecord','5d4c37102aa943f48a679cca07fe2bb3','',0,NULL),('d31989274caa46c59e8e6990101586cb','查看好友列表','/user_findFriendList','e7d92c8a7a914cc1ac4c69f19e6280a9','',0,NULL),('e2db4bd557094c43879fc49b0607da36','查看好友详情','/user_findFriendData','e7d92c8a7a914cc1ac4c69f19e6280a9','',0,NULL),('e7d92c8a7a914cc1ac4c69f19e6280a9','我的好友','','0','',0,NULL),('eec5a2fa74d749d49c8d1a6777f60332','获取未读消息','/user_findNotReadChatHistory','e7d92c8a7a914cc1ac4c69f19e6280a9','',0,NULL),('f88e3b58298f475192a346608da993bf','拒绝好友申请','/user_negativeFriendRequest','e7d92c8a7a914cc1ac4c69f19e6280a9','',0,NULL),('fa3c507ecc664802841f4eb53ded32a3','同意好友申请','/user_agreeFriendRequest','e7d92c8a7a914cc1ac4c69f19e6280a9','',0,NULL);
/*!40000 ALTER TABLE `permission` ENABLE KEYS */;
UNLOCK TABLES;

--
-- Table structure for table `position_permission_re`
--

DROP TABLE IF EXISTS `position_permission_re`;
/*!40101 SET @saved_cs_client     = @@character_set_client */;
/*!40101 SET character_set_client = utf8 */;
CREATE TABLE `position_permission_re` (
  `position_id` varchar(35) NOT NULL DEFAULT '',
  `qm_permission_id` varchar(35) NOT NULL DEFAULT ''
) ENGINE=InnoDB DEFAULT CHARSET=utf8;
/*!40101 SET character_set_client = @saved_cs_client */;

--
-- Dumping data for table `position_permission_re`
--

LOCK TABLES `position_permission_re` WRITE;
/*!40000 ALTER TABLE `position_permission_re` DISABLE KEYS */;
INSERT INTO `position_permission_re` VALUES ('4ae60c74c30143feb898d721a1299dd7','986b810014e44d2c9d5b383f2a83da3c'),('b63366bffb23473cbbd2b00225e05620',''),('5f759af244784603bc4ffc6f7dab8508','986b810014e44d2c9d5b383f2a83da3c');
/*!40000 ALTER TABLE `position_permission_re` ENABLE KEYS */;
UNLOCK TABLES;

--
-- Table structure for table `qm_branch`
--

DROP TABLE IF EXISTS `qm_branch`;
/*!40101 SET @saved_cs_client     = @@character_set_client */;
/*!40101 SET character_set_client = utf8 */;
CREATE TABLE `qm_branch` (
  `branch_id` varchar(35) NOT NULL,
  `branch_name` varchar(20) NOT NULL DEFAULT '',
  `department_id` varchar(35) NOT NULL DEFAULT '',
  `department_name` varchar(20) NOT NULL DEFAULT '',
  `user_id` varchar(35) NOT NULL DEFAULT '',
  `user_name` varchar(20) NOT NULL DEFAULT '',
  `user_phone` varchar(20) NOT NULL DEFAULT '',
  `branch_area` varchar(50) NOT NULL DEFAULT '',
  `lat_lng` varchar(30) NOT NULL DEFAULT '',
  PRIMARY KEY (`branch_id`)
) ENGINE=InnoDB DEFAULT CHARSET=utf8;
/*!40101 SET character_set_client = @saved_cs_client */;

--
-- Dumping data for table `qm_branch`
--

LOCK TABLES `qm_branch` WRITE;
/*!40000 ALTER TABLE `qm_branch` DISABLE KEYS */;
INSERT INTO `qm_branch` VALUES ('6eeebe6585c241b28bcfba41acad8122','江门销售点','27a9c57b4c69441aa569ef4ae1a9ef7c','总经办','41370f132bd44bca943e2fe5dd9862ab','赵六','13657981326','江门市科学馆','22.58945,113.094063');
/*!40000 ALTER TABLE `qm_branch` ENABLE KEYS */;
UNLOCK TABLES;

--
-- Table structure for table `qm_experience`
--

DROP TABLE IF EXISTS `qm_experience`;
/*!40101 SET @saved_cs_client     = @@character_set_client */;
/*!40101 SET character_set_client = utf8 */;
CREATE TABLE `qm_experience` (
  `experience_id` varchar(35) NOT NULL,
  `company` varchar(20) NOT NULL DEFAULT '',
  `contacts` varchar(20) NOT NULL DEFAULT '',
  `phone` varchar(12) NOT NULL DEFAULT '',
  `position` varchar(20) NOT NULL DEFAULT '',
  PRIMARY KEY (`experience_id`)
) ENGINE=InnoDB DEFAULT CHARSET=utf8;
/*!40101 SET character_set_client = @saved_cs_client */;

--
-- Dumping data for table `qm_experience`
--

LOCK TABLES `qm_experience` WRITE;
/*!40000 ALTER TABLE `qm_experience` DISABLE KEYS */;
INSERT INTO `qm_experience` VALUES ('d9a49a534aee42f4a101bc76979a5692','农销云','zz','13678915326','员工');
/*!40000 ALTER TABLE `qm_experience` ENABLE KEYS */;
UNLOCK TABLES;

--
-- Table structure for table `qm_permission`
--

DROP TABLE IF EXISTS `qm_permission`;
/*!40101 SET @saved_cs_client     = @@character_set_client */;
/*!40101 SET character_set_client = utf8 */;
CREATE TABLE `qm_permission` (
  `qm_permission_id` varchar(35) NOT NULL,
  `qm_permission_name` varchar(20) NOT NULL DEFAULT '',
  `qm_permission_describe` varchar(100) NOT NULL DEFAULT '',
  `qm_permission_pid` varchar(35) NOT NULL DEFAULT '0',
  `sort` tinyint(4) NOT NULL DEFAULT '1',
  `is_deleted` tinyint(4) NOT NULL DEFAULT '0',
  `delete_date` date DEFAULT NULL,
  PRIMARY KEY (`qm_permission_id`)
) ENGINE=InnoDB DEFAULT CHARSET=utf8;
/*!40101 SET character_set_client = @saved_cs_client */;

--
-- Dumping data for table `qm_permission`
--

LOCK TABLES `qm_permission` WRITE;
/*!40000 ALTER TABLE `qm_permission` DISABLE KEYS */;
INSERT INTO `qm_permission` VALUES ('986b810014e44d2c9d5b383f2a83da3c','我的好友使用权','查找、添加好友，删除好友，推荐好友，添加好友备注','c80bfab8902c402ba3019dfca8cf3a61',1,0,NULL),('c80bfab8902c402ba3019dfca8cf3a61','我的好友','','worker_permission',1,0,NULL),('personal_permission','人事权','','0',1,0,NULL),('worker_permission','办事权','','0',1,0,NULL);
/*!40000 ALTER TABLE `qm_permission` ENABLE KEYS */;
UNLOCK TABLES;

--
-- Table structure for table `qm_permission_re`
--

DROP TABLE IF EXISTS `qm_permission_re`;
/*!40101 SET @saved_cs_client     = @@character_set_client */;
/*!40101 SET character_set_client = utf8 */;
CREATE TABLE `qm_permission_re` (
  `permission_id` varchar(35) NOT NULL,
  `qm_permission_id` varchar(35) NOT NULL DEFAULT ''
) ENGINE=InnoDB DEFAULT CHARSET=utf8;
/*!40101 SET character_set_client = @saved_cs_client */;

--
-- Dumping data for table `qm_permission_re`
--

LOCK TABLES `qm_permission_re` WRITE;
/*!40000 ALTER TABLE `qm_permission_re` DISABLE KEYS */;
INSERT INTO `qm_permission_re` VALUES ('986b810014e44d2c9d5b383f2a83da3c','42b95b8f711447c49038e922c6f6167d'),('986b810014e44d2c9d5b383f2a83da3c','caa3b16c0cd04f31ae63681d53c95fd4'),('986b810014e44d2c9d5b383f2a83da3c','cb6831e81c274cc8b6d1e3f81847ea35'),('986b810014e44d2c9d5b383f2a83da3c','d31989274caa46c59e8e6990101586cb'),('986b810014e44d2c9d5b383f2a83da3c','e2db4bd557094c43879fc49b0607da36'),('986b810014e44d2c9d5b383f2a83da3c','eec5a2fa74d749d49c8d1a6777f60332'),('986b810014e44d2c9d5b383f2a83da3c','f88e3b58298f475192a346608da993bf'),('986b810014e44d2c9d5b383f2a83da3c','c9c6b6a0f3a040e2a02cf93f7c886400'),('986b810014e44d2c9d5b383f2a83da3c','c442c7be80f7428eae971888176647c4'),('986b810014e44d2c9d5b383f2a83da3c','6bb47e49d7cc470680a586da0bd85f33'),('986b810014e44d2c9d5b383f2a83da3c','71478daa45b54bc3a94f81a11f5c292f'),('986b810014e44d2c9d5b383f2a83da3c','fa3c507ecc664802841f4eb53ded32a3');
/*!40000 ALTER TABLE `qm_permission_re` ENABLE KEYS */;
UNLOCK TABLES;

--
-- Table structure for table `role`
--

DROP TABLE IF EXISTS `role`;
/*!40101 SET @saved_cs_client     = @@character_set_client */;
/*!40101 SET character_set_client = utf8 */;
CREATE TABLE `role` (
  `role_id` int(11) NOT NULL AUTO_INCREMENT,
  `role_name` varchar(20) NOT NULL DEFAULT '',
  `role_text` varchar(50) NOT NULL DEFAULT '',
  `role_create_date` datetime NOT NULL DEFAULT CURRENT_TIMESTAMP,
  `is_deleted` tinyint(4) NOT NULL DEFAULT '0',
  `delete_date` date DEFAULT NULL,
  PRIMARY KEY (`role_id`)
) ENGINE=InnoDB AUTO_INCREMENT=1004 DEFAULT CHARSET=utf8;
/*!40101 SET character_set_client = @saved_cs_client */;

--
-- Dumping data for table `role`
--

LOCK TABLES `role` WRITE;
/*!40000 ALTER TABLE `role` DISABLE KEYS */;
INSERT INTO `role` VALUES (1001,'普通用户','没有后台权限','2017-05-17 15:46:24',0,NULL),(1002,'超级管理员','拥有所有权限','2017-05-17 15:46:24',0,NULL),(1003,'默认角色','没有权限','2017-05-17 15:46:24',0,NULL);
/*!40000 ALTER TABLE `role` ENABLE KEYS */;
UNLOCK TABLES;

--
-- Table structure for table `role_permission_re`
--

DROP TABLE IF EXISTS `role_permission_re`;
/*!40101 SET @saved_cs_client     = @@character_set_client */;
/*!40101 SET character_set_client = utf8 */;
CREATE TABLE `role_permission_re` (
  `permission_id` varchar(35) NOT NULL,
  `role_id` int(11) NOT NULL,
  PRIMARY KEY (`permission_id`,`role_id`),
  KEY `FK_role_permission_RE2` (`role_id`),
  CONSTRAINT `FK_role_permission_RE` FOREIGN KEY (`permission_id`) REFERENCES `permission` (`permission_id`),
  CONSTRAINT `FK_role_permission_RE2` FOREIGN KEY (`role_id`) REFERENCES `role` (`role_id`)
) ENGINE=InnoDB DEFAULT CHARSET=utf8;
/*!40101 SET character_set_client = @saved_cs_client */;

--
-- Dumping data for table `role_permission_re`
--

LOCK TABLES `role_permission_re` WRITE;
/*!40000 ALTER TABLE `role_permission_re` DISABLE KEYS */;
/*!40000 ALTER TABLE `role_permission_re` ENABLE KEYS */;
UNLOCK TABLES;

--
-- Table structure for table `shopping_address`
--

DROP TABLE IF EXISTS `shopping_address`;
/*!40101 SET @saved_cs_client     = @@character_set_client */;
/*!40101 SET character_set_client = utf8 */;
CREATE TABLE `shopping_address` (
  `user_address_id` varchar(35) NOT NULL,
  `user_id` varchar(35) NOT NULL DEFAULT '',
  `user_address_text` varchar(50) NOT NULL DEFAULT '',
  `user_address_area` varchar(50) NOT NULL DEFAULT '',
  `user_address_name` varchar(20) NOT NULL DEFAULT '',
  `user_address_phone` varchar(20) NOT NULL DEFAULT '',
  `user_address_default` tinyint(4) NOT NULL DEFAULT '0',
  PRIMARY KEY (`user_address_id`),
  KEY `FK_address_user_RE` (`user_id`),
  CONSTRAINT `FK_address_user_RE` FOREIGN KEY (`user_id`) REFERENCES `user` (`user_id`)
) ENGINE=InnoDB DEFAULT CHARSET=utf8;
/*!40101 SET character_set_client = @saved_cs_client */;

--
-- Dumping data for table `shopping_address`
--

LOCK TABLES `shopping_address` WRITE;
/*!40000 ALTER TABLE `shopping_address` DISABLE KEYS */;
/*!40000 ALTER TABLE `shopping_address` ENABLE KEYS */;
UNLOCK TABLES;

--
-- Table structure for table `shopping_cart`
--

DROP TABLE IF EXISTS `shopping_cart`;
/*!40101 SET @saved_cs_client     = @@character_set_client */;
/*!40101 SET character_set_client = utf8 */;
CREATE TABLE `shopping_cart` (
  `customer_id` varchar(35) NOT NULL DEFAULT '',
  `goods_id` varchar(35) NOT NULL DEFAULT '',
  `standard_id` varchar(35) NOT NULL DEFAULT '',
  `goods_num` int(11) NOT NULL DEFAULT '0',
  KEY `FK_card_standard_re` (`standard_id`),
  KEY `FK_goods_card_re` (`goods_id`),
  KEY `FK_customer_card_re2` (`customer_id`),
  CONSTRAINT `FK_card_standard_re` FOREIGN KEY (`standard_id`) REFERENCES `goods_standard` (`standard_id`),
  CONSTRAINT `FK_customer_card_re2` FOREIGN KEY (`customer_id`) REFERENCES `customer` (`customer_id`),
  CONSTRAINT `FK_goods_card_re` FOREIGN KEY (`goods_id`) REFERENCES `goodsinfo` (`goods_id`)
) ENGINE=InnoDB DEFAULT CHARSET=utf8;
/*!40101 SET character_set_client = @saved_cs_client */;

--
-- Dumping data for table `shopping_cart`
--

LOCK TABLES `shopping_cart` WRITE;
/*!40000 ALTER TABLE `shopping_cart` DISABLE KEYS */;
/*!40000 ALTER TABLE `shopping_cart` ENABLE KEYS */;
UNLOCK TABLES;

--
-- Table structure for table `team_department`
--

DROP TABLE IF EXISTS `team_department`;
/*!40101 SET @saved_cs_client     = @@character_set_client */;
/*!40101 SET character_set_client = utf8 */;
CREATE TABLE `team_department` (
  `team_department_id` varchar(35) NOT NULL,
  `team_department_name` varchar(20) NOT NULL DEFAULT '',
  `department_type` varchar(20) NOT NULL DEFAULT '',
  `department_text` text,
  `department_pid` varchar(35) NOT NULL DEFAULT '0',
  `create_date` datetime NOT NULL DEFAULT CURRENT_TIMESTAMP,
  `my_team_id` varchar(35) NOT NULL DEFAULT '',
  PRIMARY KEY (`team_department_id`),
  KEY `FK_team_department_re` (`my_team_id`),
  CONSTRAINT `FK_team_department_re` FOREIGN KEY (`my_team_id`) REFERENCES `my_team` (`my_team_id`)
) ENGINE=InnoDB DEFAULT CHARSET=utf8;
/*!40101 SET character_set_client = @saved_cs_client */;

--
-- Dumping data for table `team_department`
--

LOCK TABLES `team_department` WRITE;
/*!40000 ALTER TABLE `team_department` DISABLE KEYS */;
INSERT INTO `team_department` VALUES ('27a9c57b4c69441aa569ef4ae1a9ef7c','总经办','manager',NULL,'0','2017-06-06 00:00:00','10001'),('27a9c57b4c69441aa569ef4ae1a9ef7d','财务部','',NULL,'0','2017-06-06 10:20:45','10001'),('6256feb92d844cd5951d7cfe01d922ed','技术部','',NULL,'0','2017-06-26 00:00:00','10001');
/*!40000 ALTER TABLE `team_department` ENABLE KEYS */;
UNLOCK TABLES;

--
-- Table structure for table `template_of_freight`
--

DROP TABLE IF EXISTS `template_of_freight`;
/*!40101 SET @saved_cs_client     = @@character_set_client */;
/*!40101 SET character_set_client = utf8 */;
CREATE TABLE `template_of_freight` (
  `template_freight_id` varchar(35) NOT NULL,
  `user_id` varchar(35) NOT NULL DEFAULT '',
  `template_freight_name` varchar(25) NOT NULL DEFAULT '',
  `template_delivery_time` int(11) NOT NULL DEFAULT '0',
  `template_freight_isfree` tinyint(4) NOT NULL DEFAULT '0',
  `template_charge_model` tinyint(4) NOT NULL DEFAULT '0',
  `template_default_num` float NOT NULL DEFAULT '0',
  `template_default_price` float NOT NULL DEFAULT '0',
  `template_add_num` float NOT NULL DEFAULT '0',
  `template_add_price` float NOT NULL DEFAULT '0',
  PRIMARY KEY (`template_freight_id`),
  KEY `FK_user_freight_re` (`user_id`),
  CONSTRAINT `FK_user_freight_re` FOREIGN KEY (`user_id`) REFERENCES `user` (`user_id`)
) ENGINE=InnoDB DEFAULT CHARSET=utf8;
/*!40101 SET character_set_client = @saved_cs_client */;

--
-- Dumping data for table `template_of_freight`
--

LOCK TABLES `template_of_freight` WRITE;
/*!40000 ALTER TABLE `template_of_freight` DISABLE KEYS */;
/*!40000 ALTER TABLE `template_of_freight` ENABLE KEYS */;
UNLOCK TABLES;

--
-- Table structure for table `user`
--

DROP TABLE IF EXISTS `user`;
/*!40101 SET @saved_cs_client     = @@character_set_client */;
/*!40101 SET character_set_client = utf8 */;
CREATE TABLE `user` (
  `user_id` varchar(35) NOT NULL,
  `my_team_id` varchar(35) NOT NULL DEFAULT '',
  `team_department_id` varchar(35) NOT NULL DEFAULT '',
  `role_id` int(11) NOT NULL DEFAULT '0',
  `user_name` varchar(20) NOT NULL DEFAULT '',
  `user_password` varchar(50) NOT NULL DEFAULT '',
  `user_sex` varchar(10) NOT NULL DEFAULT '',
  `user_phone` varchar(20) NOT NULL DEFAULT '',
  `user_birthday` date DEFAULT NULL,
  `user_address` varchar(50) NOT NULL DEFAULT '',
  `user_area` varchar(50) NOT NULL DEFAULT '',
  `user_email` varchar(100) NOT NULL DEFAULT '',
  `user_create_date` datetime NOT NULL DEFAULT CURRENT_TIMESTAMP,
  `user_last_login_time` datetime NOT NULL DEFAULT CURRENT_TIMESTAMP,
  `user_status` varchar(10) NOT NULL DEFAULT '',
  `user_qq` varchar(20) NOT NULL DEFAULT '',
  `uesr_wechat` varchar(20) NOT NULL DEFAULT '',
  `user_img` varchar(150) NOT NULL DEFAULT '',
  `user_nickname` varchar(30) NOT NULL DEFAULT '',
  `token` varchar(50) NOT NULL DEFAULT '',
  `is_deleted` tinyint(4) NOT NULL DEFAULT '0',
  `delete_date` datetime DEFAULT NULL,
  `user_identity` varchar(18) NOT NULL DEFAULT '',
  `lng_and_lat` varchar(30) NOT NULL DEFAULT '',
  `user_update_time` datetime NOT NULL DEFAULT CURRENT_TIMESTAMP,
  `user_card_front` text,
  `user_card_back` text,
  `user_card_hand` text,
  `position_id` varchar(35) NOT NULL DEFAULT '',
  `real_name` tinyint(4) NOT NULL DEFAULT '2',
  PRIMARY KEY (`user_id`),
  KEY `FK_user_role_re` (`role_id`),
  KEY `FK_user_team_re` (`my_team_id`),
  KEY `FK_user_department_re` (`team_department_id`),
  CONSTRAINT `FK_user_department_re` FOREIGN KEY (`team_department_id`) REFERENCES `team_department` (`team_department_id`),
  CONSTRAINT `FK_user_role_re` FOREIGN KEY (`role_id`) REFERENCES `role` (`role_id`),
  CONSTRAINT `FK_user_team_re` FOREIGN KEY (`my_team_id`) REFERENCES `my_team` (`my_team_id`)
) ENGINE=InnoDB DEFAULT CHARSET=utf8;
/*!40101 SET character_set_client = @saved_cs_client */;

--
-- Dumping data for table `user`
--

LOCK TABLES `user` WRITE;
/*!40000 ALTER TABLE `user` DISABLE KEYS */;
INSERT INTO `user` VALUES ('41370f132bd44bca943e2fe5dd9862ab','10001','27a9c57b4c69441aa569ef4ae1a9ef7c',1003,'赵六','','女','13657981326',NULL,'','','','2017-07-07 17:16:19','2017-07-07 17:16:19','u_st_2','','','','','',0,NULL,'135621567845465420','','2017-07-07 17:16:19','/WEB-INF/upload/img/id_card/4d69b8cb68c84988aa74e389287fe2a7.jpg','/WEB-INF/upload/img/id_card/11bcde7361d54d61b6f5d192e57f8645.jpg',NULL,'5f759af244784603bc4ffc6f7dab8508',2),('89d9317fb3834353bcf2a507bee2eb82','10001','27a9c57b4c69441aa569ef4ae1a9ef7c',1002,'张三','825682eafec59c2e1632828195133a52','男','13688888888','2017-06-14','x胡同y巷z号','北京市 西城区','','2017-06-14 10:38:46','2017-06-14 10:38:46','u_st_2','','','/upload/img/user/head_portrait/89d9317fb3834353bcf2a507bee2eb82/34ac4d747a35414dbf249b6add3e8348.jpg','','22766697f14448c4ab032e2f168ca2d41500285106132',0,NULL,'','','2017-07-01 11:56:19',NULL,'b765c637c95e43e6b395348b6ef72435','285746c4af0949518c2dbf301d2ad7ab','b63366bffb23473cbbd2b00225e05620',2),('89d9317fb3834353bcf2a507bee2eb83','10001','27a9c57b4c69441aa569ef4ae1a9ef7d',1002,'李四','825682eafec59c2e1632828195133a52','女','13699999999','2017-06-14','z胡同y巷x号','北京市 西城区','','2017-06-14 10:38:46','2017-06-14 10:38:46','u_st_2','','','','','',0,NULL,'','','2017-07-01 11:56:19',NULL,NULL,NULL,'6d163a17a8b842dd98de4b059b893666',2),('89d9317fb3834353bcf2a507bee2eb84','10001','27a9c57b4c69441aa569ef4ae1a9ef7c',1002,'王五','825682eafec59c2e1632828195133a52','男','13677777777','2017-06-14','a胡同b巷c号','北京市 西城区','','2017-06-14 10:38:46','2017-06-14 10:38:46','u_st_2','','','/upload/img/user/head_portrait/89d9317fb3834353bcf2a507bee2eb82/34ac4d747a35414dbf249b6add3e8348.jpg','','',0,NULL,'','','2017-07-01 11:56:19',NULL,NULL,NULL,'5f759af244784603bc4ffc6f7dab8508',2),('93ca6a0c638243aeab0b3412915581e2','10001','6256feb92d844cd5951d7cfe01d922ed',1003,'tom','825682eafec59c2e1632828195133a52','男','13597165115',NULL,'','','','2017-07-19 08:53:52','2017-07-19 08:53:52','u_st_2','','','','','',0,NULL,'465465121354678945','','2017-07-19 08:53:52','','',NULL,'4ae60c74c30143feb898d721a1299dd7',2);
/*!40000 ALTER TABLE `user` ENABLE KEYS */;
UNLOCK TABLES;

--
-- Table structure for table `user_breed_type`
--

DROP TABLE IF EXISTS `user_breed_type`;
/*!40101 SET @saved_cs_client     = @@character_set_client */;
/*!40101 SET character_set_client = utf8 */;
CREATE TABLE `user_breed_type` (
  `user_breed_type_id` varchar(35) NOT NULL,
  `user_place_id` varchar(35) NOT NULL DEFAULT '',
  `user_breed_type` varchar(20) NOT NULL DEFAULT '',
  `user_breed_variety` varchar(20) NOT NULL DEFAULT '',
  `user_breed_num` varchar(20) NOT NULL DEFAULT '',
  `user_sell_num` varchar(20) NOT NULL DEFAULT '',
  `user_breed_style` varchar(20) NOT NULL DEFAULT '',
  `user_fodder_type` varchar(20) NOT NULL DEFAULT '',
  `user_fodder_style` varchar(20) NOT NULL DEFAULT '',
  `user_fodder_num` int(11) NOT NULL DEFAULT '0',
  `create_date` datetime NOT NULL DEFAULT CURRENT_TIMESTAMP,
  `is_deleted` tinyint(4) NOT NULL DEFAULT '0',
  `delete_date` datetime DEFAULT NULL,
  PRIMARY KEY (`user_breed_type_id`),
  KEY `FK_place_breed_RE` (`user_place_id`),
  CONSTRAINT `FK_place_breed_RE` FOREIGN KEY (`user_place_id`) REFERENCES `user_place` (`user_place_id`)
) ENGINE=InnoDB DEFAULT CHARSET=utf8;
/*!40101 SET character_set_client = @saved_cs_client */;

--
-- Dumping data for table `user_breed_type`
--

LOCK TABLES `user_breed_type` WRITE;
/*!40000 ALTER TABLE `user_breed_type` DISABLE KEYS */;
/*!40000 ALTER TABLE `user_breed_type` ENABLE KEYS */;
UNLOCK TABLES;

--
-- Table structure for table `user_breed_type_history`
--

DROP TABLE IF EXISTS `user_breed_type_history`;
/*!40101 SET @saved_cs_client     = @@character_set_client */;
/*!40101 SET character_set_client = utf8 */;
CREATE TABLE `user_breed_type_history` (
  `user_breed_type_id` varchar(35) NOT NULL,
  `user_place_id` varchar(35) NOT NULL DEFAULT '',
  `user_breed_type` varchar(20) NOT NULL DEFAULT '',
  `user_breed_variety` varchar(20) NOT NULL DEFAULT '',
  `user_breed_num` varchar(20) NOT NULL DEFAULT '',
  `user_sell_num` varchar(20) NOT NULL DEFAULT '',
  `user_breed_style` varchar(20) NOT NULL DEFAULT '',
  `user_fodder_type` varchar(20) NOT NULL DEFAULT '',
  `user_fodder_style` varchar(20) NOT NULL DEFAULT '',
  `user_fodder_num` int(11) NOT NULL DEFAULT '0',
  `create_date` datetime NOT NULL DEFAULT CURRENT_TIMESTAMP,
  `is_deleted` tinyint(4) NOT NULL DEFAULT '0',
  `delete_date` datetime DEFAULT NULL
) ENGINE=InnoDB DEFAULT CHARSET=utf8;
/*!40101 SET character_set_client = @saved_cs_client */;

--
-- Dumping data for table `user_breed_type_history`
--

LOCK TABLES `user_breed_type_history` WRITE;
/*!40000 ALTER TABLE `user_breed_type_history` DISABLE KEYS */;
/*!40000 ALTER TABLE `user_breed_type_history` ENABLE KEYS */;
UNLOCK TABLES;

--
-- Table structure for table `user_devices`
--

DROP TABLE IF EXISTS `user_devices`;
/*!40101 SET @saved_cs_client     = @@character_set_client */;
/*!40101 SET character_set_client = utf8 */;
CREATE TABLE `user_devices` (
  `user_device_id` varchar(35) NOT NULL,
  `user_id` varchar(35) NOT NULL DEFAULT '',
  `user_device_name` varchar(20) NOT NULL DEFAULT '',
  `is_deleted` tinyint(4) NOT NULL DEFAULT '0',
  `delete_date` datetime DEFAULT NULL,
  PRIMARY KEY (`user_device_id`),
  KEY `FK_user_device_re` (`user_id`),
  CONSTRAINT `FK_user_device_re` FOREIGN KEY (`user_id`) REFERENCES `user` (`user_id`)
) ENGINE=InnoDB DEFAULT CHARSET=utf8;
/*!40101 SET character_set_client = @saved_cs_client */;

--
-- Dumping data for table `user_devices`
--

LOCK TABLES `user_devices` WRITE;
/*!40000 ALTER TABLE `user_devices` DISABLE KEYS */;
/*!40000 ALTER TABLE `user_devices` ENABLE KEYS */;
UNLOCK TABLES;

--
-- Table structure for table `user_history`
--

DROP TABLE IF EXISTS `user_history`;
/*!40101 SET @saved_cs_client     = @@character_set_client */;
/*!40101 SET character_set_client = utf8 */;
CREATE TABLE `user_history` (
  `user_id` varchar(35) NOT NULL,
  `my_team_id` varchar(35) NOT NULL DEFAULT '',
  `team_department_id` varchar(35) NOT NULL DEFAULT '',
  `role_id` int(11) NOT NULL DEFAULT '0',
  `user_name` varchar(20) NOT NULL DEFAULT '',
  `user_password` varchar(50) NOT NULL DEFAULT '',
  `user_sex` varchar(10) NOT NULL DEFAULT '',
  `user_phone` varchar(20) NOT NULL DEFAULT '',
  `user_birthday` date DEFAULT NULL,
  `user_address` varchar(50) NOT NULL DEFAULT '',
  `user_area` varchar(50) NOT NULL DEFAULT '',
  `user_email` varchar(100) NOT NULL DEFAULT '',
  `user_create_date` datetime NOT NULL DEFAULT CURRENT_TIMESTAMP,
  `user_last_login_time` datetime NOT NULL DEFAULT CURRENT_TIMESTAMP,
  `user_status` varchar(10) NOT NULL DEFAULT '',
  `user_qq` varchar(20) NOT NULL DEFAULT '',
  `uesr_wechat` varchar(20) NOT NULL DEFAULT '',
  `user_img` varchar(150) NOT NULL DEFAULT '',
  `user_nickname` varchar(30) NOT NULL DEFAULT '',
  `token` varchar(50) NOT NULL DEFAULT '',
  `is_deleted` tinyint(4) NOT NULL DEFAULT '0',
  `delete_date` datetime DEFAULT NULL,
  `user_identity` varchar(18) NOT NULL DEFAULT '',
  `lng_and_lat` varchar(30) NOT NULL DEFAULT '',
  `user_update_time` datetime NOT NULL DEFAULT CURRENT_TIMESTAMP,
  `user_card_front` text,
  `user_card_back` text,
  `user_card_hand` text,
  `position_id` varchar(35) NOT NULL DEFAULT '',
  `real_name` tinyint(4) NOT NULL DEFAULT '2'
) ENGINE=InnoDB DEFAULT CHARSET=utf8;
/*!40101 SET character_set_client = @saved_cs_client */;

--
-- Dumping data for table `user_history`
--

LOCK TABLES `user_history` WRITE;
/*!40000 ALTER TABLE `user_history` DISABLE KEYS */;
/*!40000 ALTER TABLE `user_history` ENABLE KEYS */;
UNLOCK TABLES;

--
-- Table structure for table `user_menu_re`
--

DROP TABLE IF EXISTS `user_menu_re`;
/*!40101 SET @saved_cs_client     = @@character_set_client */;
/*!40101 SET character_set_client = utf8 */;
CREATE TABLE `user_menu_re` (
  `role_id` int(11) NOT NULL,
  `menu_id` int(11) NOT NULL,
  PRIMARY KEY (`role_id`,`menu_id`),
  KEY `FK_user_menu_re2` (`menu_id`),
  CONSTRAINT `FK_user_menu_re` FOREIGN KEY (`role_id`) REFERENCES `role` (`role_id`),
  CONSTRAINT `FK_user_menu_re2` FOREIGN KEY (`menu_id`) REFERENCES `menu` (`menu_id`)
) ENGINE=InnoDB DEFAULT CHARSET=utf8;
/*!40101 SET character_set_client = @saved_cs_client */;

--
-- Dumping data for table `user_menu_re`
--

LOCK TABLES `user_menu_re` WRITE;
/*!40000 ALTER TABLE `user_menu_re` DISABLE KEYS */;
/*!40000 ALTER TABLE `user_menu_re` ENABLE KEYS */;
UNLOCK TABLES;

--
-- Table structure for table `user_place`
--

DROP TABLE IF EXISTS `user_place`;
/*!40101 SET @saved_cs_client     = @@character_set_client */;
/*!40101 SET character_set_client = utf8 */;
CREATE TABLE `user_place` (
  `user_place_id` varchar(35) NOT NULL,
  `customer_id` varchar(35) NOT NULL DEFAULT '',
  `user_place_name` varchar(20) NOT NULL DEFAULT '',
  `user_place_acreage` int(11) NOT NULL DEFAULT '0',
  `user_employee_num` int(11) NOT NULL DEFAULT '0',
  `user_place_address` varchar(50) NOT NULL DEFAULT '',
  `user_place_area` varchar(50) NOT NULL DEFAULT '',
  `user_place_type` varchar(15) NOT NULL DEFAULT '',
  `create_date` datetime NOT NULL DEFAULT CURRENT_TIMESTAMP,
  `is_deleted` tinyint(4) NOT NULL DEFAULT '0',
  `delete_date` date DEFAULT NULL,
  PRIMARY KEY (`user_place_id`),
  KEY `FK_user_place_re` (`customer_id`),
  CONSTRAINT `FK_user_place_re` FOREIGN KEY (`customer_id`) REFERENCES `customer` (`customer_id`)
) ENGINE=InnoDB DEFAULT CHARSET=utf8;
/*!40101 SET character_set_client = @saved_cs_client */;

--
-- Dumping data for table `user_place`
--

LOCK TABLES `user_place` WRITE;
/*!40000 ALTER TABLE `user_place` DISABLE KEYS */;
/*!40000 ALTER TABLE `user_place` ENABLE KEYS */;
UNLOCK TABLES;

--
-- Table structure for table `user_place_hardware`
--

DROP TABLE IF EXISTS `user_place_hardware`;
/*!40101 SET @saved_cs_client     = @@character_set_client */;
/*!40101 SET character_set_client = utf8 */;
CREATE TABLE `user_place_hardware` (
  `user_hardware_id` varchar(35) NOT NULL,
  `user_place_id` varchar(35) NOT NULL DEFAULT '',
  `user_hardware_name` varchar(20) NOT NULL DEFAULT '',
  `user_hardware_num` int(11) NOT NULL DEFAULT '0',
  `create_date` datetime NOT NULL DEFAULT CURRENT_TIMESTAMP,
  `is_deleted` tinyint(4) NOT NULL DEFAULT '0',
  `delete_date` date DEFAULT NULL,
  PRIMARY KEY (`user_hardware_id`),
  KEY `FK_place_hardware_RE` (`user_place_id`),
  CONSTRAINT `FK_place_hardware_RE` FOREIGN KEY (`user_place_id`) REFERENCES `user_place` (`user_place_id`)
) ENGINE=InnoDB DEFAULT CHARSET=utf8;
/*!40101 SET character_set_client = @saved_cs_client */;

--
-- Dumping data for table `user_place_hardware`
--

LOCK TABLES `user_place_hardware` WRITE;
/*!40000 ALTER TABLE `user_place_hardware` DISABLE KEYS */;
/*!40000 ALTER TABLE `user_place_hardware` ENABLE KEYS */;
UNLOCK TABLES;

--
-- Table structure for table `user_place_hardware_history`
--

DROP TABLE IF EXISTS `user_place_hardware_history`;
/*!40101 SET @saved_cs_client     = @@character_set_client */;
/*!40101 SET character_set_client = utf8 */;
CREATE TABLE `user_place_hardware_history` (
  `user_hardware_id` varchar(35) NOT NULL,
  `user_place_id` varchar(35) NOT NULL DEFAULT '',
  `user_hardware_name` varchar(20) NOT NULL DEFAULT '',
  `user_hardware_num` int(11) NOT NULL DEFAULT '0',
  `create_date` datetime NOT NULL DEFAULT CURRENT_TIMESTAMP,
  `is_deleted` tinyint(4) NOT NULL DEFAULT '0',
  `delete_date` date DEFAULT NULL
) ENGINE=InnoDB DEFAULT CHARSET=utf8;
/*!40101 SET character_set_client = @saved_cs_client */;

--
-- Dumping data for table `user_place_hardware_history`
--

LOCK TABLES `user_place_hardware_history` WRITE;
/*!40000 ALTER TABLE `user_place_hardware_history` DISABLE KEYS */;
/*!40000 ALTER TABLE `user_place_hardware_history` ENABLE KEYS */;
UNLOCK TABLES;

--
-- Table structure for table `user_place_history`
--

DROP TABLE IF EXISTS `user_place_history`;
/*!40101 SET @saved_cs_client     = @@character_set_client */;
/*!40101 SET character_set_client = utf8 */;
CREATE TABLE `user_place_history` (
  `user_place_id` varchar(35) NOT NULL,
  `customer_id` varchar(35) NOT NULL DEFAULT '',
  `user_place_name` varchar(20) NOT NULL DEFAULT '',
  `user_place_acreage` int(11) NOT NULL DEFAULT '0',
  `user_employee_num` int(11) NOT NULL DEFAULT '0',
  `user_place_address` varchar(50) NOT NULL DEFAULT '',
  `user_place_area` varchar(50) NOT NULL DEFAULT '',
  `user_place_type` varchar(15) NOT NULL DEFAULT '',
  `create_date` datetime NOT NULL DEFAULT CURRENT_TIMESTAMP,
  `is_deleted` tinyint(4) NOT NULL DEFAULT '0',
  `delete_date` date DEFAULT NULL
) ENGINE=InnoDB DEFAULT CHARSET=utf8;
/*!40101 SET character_set_client = @saved_cs_client */;

--
-- Dumping data for table `user_place_history`
--

LOCK TABLES `user_place_history` WRITE;
/*!40000 ALTER TABLE `user_place_history` DISABLE KEYS */;
/*!40000 ALTER TABLE `user_place_history` ENABLE KEYS */;
UNLOCK TABLES;

--
-- Table structure for table `user_qm_permission_re`
--

DROP TABLE IF EXISTS `user_qm_permission_re`;
/*!40101 SET @saved_cs_client     = @@character_set_client */;
/*!40101 SET character_set_client = utf8 */;
CREATE TABLE `user_qm_permission_re` (
  `user_id` varchar(35) NOT NULL,
  `qm_permission_id` varchar(35) NOT NULL DEFAULT ''
) ENGINE=InnoDB DEFAULT CHARSET=utf8;
/*!40101 SET character_set_client = @saved_cs_client */;

--
-- Dumping data for table `user_qm_permission_re`
--

LOCK TABLES `user_qm_permission_re` WRITE;
/*!40000 ALTER TABLE `user_qm_permission_re` DISABLE KEYS */;
INSERT INTO `user_qm_permission_re` VALUES ('0f82fac92fe4431a9a7ef66c26207bd8','986b810014e44d2c9d5b383f2a83da3c'),('ba98c457e25a48a78f1aeaa4062351a4','986b810014e44d2c9d5b383f2a83da3c'),('642f36253272427c8fb0bf153116aefc','986b810014e44d2c9d5b383f2a83da3c'),('41370f132bd44bca943e2fe5dd9862ab','986b810014e44d2c9d5b383f2a83da3c'),('93ca6a0c638243aeab0b3412915581e2','');
/*!40000 ALTER TABLE `user_qm_permission_re` ENABLE KEYS */;
UNLOCK TABLES;

--
-- Table structure for table `user_record`
--

DROP TABLE IF EXISTS `user_record`;
/*!40101 SET @saved_cs_client     = @@character_set_client */;
/*!40101 SET character_set_client = utf8 */;
CREATE TABLE `user_record` (
  `user_id` varchar(35) NOT NULL,
  `my_team_id` varchar(35) NOT NULL DEFAULT '',
  `team_department_id` varchar(35) NOT NULL DEFAULT '',
  `role_id` int(11) NOT NULL DEFAULT '0',
  `user_name` varchar(20) NOT NULL DEFAULT '',
  `user_password` varchar(50) NOT NULL DEFAULT '',
  `user_sex` varchar(10) NOT NULL DEFAULT '',
  `user_phone` varchar(20) NOT NULL DEFAULT '',
  `user_birthday` date DEFAULT NULL,
  `user_address` varchar(50) NOT NULL DEFAULT '',
  `user_area` varchar(50) NOT NULL DEFAULT '',
  `user_email` varchar(100) NOT NULL DEFAULT '',
  `user_create_date` datetime NOT NULL DEFAULT CURRENT_TIMESTAMP,
  `user_last_login_time` datetime NOT NULL DEFAULT CURRENT_TIMESTAMP,
  `user_status` varchar(10) NOT NULL DEFAULT '',
  `user_qq` varchar(20) NOT NULL DEFAULT '',
  `uesr_wechat` varchar(20) NOT NULL DEFAULT '',
  `user_img` varchar(150) NOT NULL DEFAULT '',
  `user_nickname` varchar(30) NOT NULL DEFAULT '',
  `token` varchar(50) NOT NULL DEFAULT '',
  `is_deleted` tinyint(4) NOT NULL DEFAULT '0',
  `delete_date` datetime DEFAULT NULL,
  `user_identity` varchar(18) NOT NULL DEFAULT '',
  `lng_and_lat` varchar(30) NOT NULL DEFAULT '',
  `user_update_time` datetime NOT NULL DEFAULT CURRENT_TIMESTAMP,
  `user_card_front` text,
  `user_card_back` text,
  `user_card_hand` text,
  `position_id` varchar(35) NOT NULL DEFAULT '',
  `real_name` tinyint(4) NOT NULL DEFAULT '2'
) ENGINE=InnoDB DEFAULT CHARSET=utf8;
/*!40101 SET character_set_client = @saved_cs_client */;

--
-- Dumping data for table `user_record`
--

LOCK TABLES `user_record` WRITE;
/*!40000 ALTER TABLE `user_record` DISABLE KEYS */;
/*!40000 ALTER TABLE `user_record` ENABLE KEYS */;
UNLOCK TABLES;

--
-- Temporary view structure for view `user_view`
--

DROP TABLE IF EXISTS `user_view`;
/*!50001 DROP VIEW IF EXISTS `user_view`*/;
SET @saved_cs_client     = @@character_set_client;
SET character_set_client = utf8;
/*!50001 CREATE VIEW `user_view` AS SELECT 
 1 AS `user_id`,
 1 AS `my_team_id`,
 1 AS `team_department_id`,
 1 AS `role_id`,
 1 AS `user_name`,
 1 AS `user_password`,
 1 AS `user_sex`,
 1 AS `user_phone`,
 1 AS `user_birthday`,
 1 AS `user_address`,
 1 AS `user_area`,
 1 AS `user_email`,
 1 AS `user_create_date`,
 1 AS `user_last_login_time`,
 1 AS `user_status`,
 1 AS `user_qq`,
 1 AS `uesr_wechat`,
 1 AS `user_img`,
 1 AS `user_nickname`,
 1 AS `token`,
 1 AS `is_deleted`,
 1 AS `delete_date`,
 1 AS `user_identity`,
 1 AS `lng_and_lat`,
 1 AS `user_update_time`*/;
SET character_set_client = @saved_cs_client;

--
-- Final view structure for view `user_view`
--

/*!50001 DROP VIEW IF EXISTS `user_view`*/;
/*!50001 SET @saved_cs_client          = @@character_set_client */;
/*!50001 SET @saved_cs_results         = @@character_set_results */;
/*!50001 SET @saved_col_connection     = @@collation_connection */;
/*!50001 SET character_set_client      = utf8 */;
/*!50001 SET character_set_results     = utf8 */;
/*!50001 SET collation_connection      = utf8_general_ci */;
/*!50001 CREATE ALGORITHM=UNDEFINED */
/*!50013 DEFINER=`yf`@`localhost` SQL SECURITY DEFINER */
/*!50001 VIEW `user_view` AS select `user`.`user_id` AS `user_id`,`user`.`my_team_id` AS `my_team_id`,`user`.`team_department_id` AS `team_department_id`,`user`.`role_id` AS `role_id`,`user`.`user_name` AS `user_name`,`user`.`user_password` AS `user_password`,`user`.`user_sex` AS `user_sex`,`user`.`user_phone` AS `user_phone`,`user`.`user_birthday` AS `user_birthday`,`user`.`user_address` AS `user_address`,`user`.`user_area` AS `user_area`,`user`.`user_email` AS `user_email`,`user`.`user_create_date` AS `user_create_date`,`user`.`user_last_login_time` AS `user_last_login_time`,`user`.`user_status` AS `user_status`,`user`.`user_qq` AS `user_qq`,`user`.`uesr_wechat` AS `uesr_wechat`,`user`.`user_img` AS `user_img`,`user`.`user_nickname` AS `user_nickname`,`user`.`token` AS `token`,`user`.`is_deleted` AS `is_deleted`,`user`.`delete_date` AS `delete_date`,`user`.`user_identity` AS `user_identity`,`user`.`lng_and_lat` AS `lng_and_lat`,`user`.`user_update_time` AS `user_update_time` from `user` union select `user_record`.`user_id` AS `user_id`,`user_record`.`my_team_id` AS `my_team_id`,`user_record`.`team_department_id` AS `team_department_id`,`user_record`.`role_id` AS `role_id`,`user_record`.`user_name` AS `user_name`,`user_record`.`user_password` AS `user_password`,`user_record`.`user_sex` AS `user_sex`,`user_record`.`user_phone` AS `user_phone`,`user_record`.`user_birthday` AS `user_birthday`,`user_record`.`user_address` AS `user_address`,`user_record`.`user_area` AS `user_area`,`user_record`.`user_email` AS `user_email`,`user_record`.`user_create_date` AS `user_create_date`,`user_record`.`user_last_login_time` AS `user_last_login_time`,`user_record`.`user_status` AS `user_status`,`user_record`.`user_qq` AS `user_qq`,`user_record`.`uesr_wechat` AS `uesr_wechat`,`user_record`.`user_img` AS `user_img`,`user_record`.`user_nickname` AS `user_nickname`,`user_record`.`token` AS `token`,`user_record`.`is_deleted` AS `is_deleted`,`user_record`.`delete_date` AS `delete_date`,`user_record`.`user_identity` AS `user_identity`,`user_record`.`lng_and_lat` AS `lng_and_lat`,`user_record`.`user_update_time` AS `user_update_time` from `user_record` */;
/*!50001 SET character_set_client      = @saved_cs_client */;
/*!50001 SET character_set_results     = @saved_cs_results */;
/*!50001 SET collation_connection      = @saved_col_connection */;
/*!40103 SET TIME_ZONE=@OLD_TIME_ZONE */;

/*!40101 SET SQL_MODE=@OLD_SQL_MODE */;
/*!40014 SET FOREIGN_KEY_CHECKS=@OLD_FOREIGN_KEY_CHECKS */;
/*!40014 SET UNIQUE_CHECKS=@OLD_UNIQUE_CHECKS */;
/*!40101 SET CHARACTER_SET_CLIENT=@OLD_CHARACTER_SET_CLIENT */;
/*!40101 SET CHARACTER_SET_RESULTS=@OLD_CHARACTER_SET_RESULTS */;
/*!40101 SET COLLATION_CONNECTION=@OLD_COLLATION_CONNECTION */;
/*!40111 SET SQL_NOTES=@OLD_SQL_NOTES */;

-- Dump completed on 2017-08-01 17:10:43
